,MBERRCTRL,TOLVARNEWT,Ошибка материального баланса для компонента WATER                                             кг,MBERRLIM,Ср. давление в резервуаре [wpv]                                                         бар абс.,Текущие запасы воды в ОТЧ.РЕГ.                                                         тыс.ст.м3,Начальная масса компонента WATER                                                          млн.кг,Текущие запасы летучей нефти в ОТЧ.РЕГ.                                                    ст.м3,Текущая масса компонента WATER                                                            млн.кг,CHECKP,Начальные запасы летучей нефти в ОТЧ.РЕГ.                                                  ст.м3,Поровый объём при P(ref)                                                            тыс.пласт.м3,Поток компонента через границу региона WATER                                                  кг,MINNEWTIT,Характеристики,Коэффициент извлечения нефти (КИН)                                                             %,Ср. давление в резервуаре [whc]                                                         бар абс.,Начальные запасы воды в ОТЧ.РЕГ.                                                       тыс.ст.м3,Объём воды (пл.усл.)                                                                тыс.пласт.м3,TOLLIN,no.,Поровый объём (пл.усл.)                                                             тыс.пласт.м3,Начальные подвижные запасы воды в ОТЧ.РЕГ.                                             тыс.ст.м3,Ошибка материального баланса для компонента OIL                                               кг,num_blocks,Поток компонента через границу региона OIL                                                    кг,Текущие подвижные запасы воды в ОТЧ.РЕГ.                                               тыс.ст.м3,Ср. насыщенность нефти,Ср. насыщенность воды
0,,,,,213.48,134063.26,130281.11,0.00,136610.46,,0.00,189226.63,0.00,,Месторождение,12.58,209.26,127851.92,135686.75,,0,188806.86,39628.51,-114366.10,141,0.00,46235.42,0.281346,0.718654
1,1e-07,1e-05,-376.17,0.0,213.43,134065.73,130281.11,0.00,136612.98,1.0,0.00,189226.63,0.00,,Месторождение,12.59,209.24,127851.92,135689.64,0.0001,1,188806.40,39628.51,-46.26,141,0.00,46238.31,0.281329,0.718671
2,1e-07,1e-05,-382.63,0.0,213.43,134065.73,130281.11,0.00,136612.98,1.0,0.00,189226.63,0.00,0.0,Месторождение,12.59,209.24,127851.92,135689.64,0.0001,2,188806.40,39628.51,-29.71,141,0.00,46238.31,0.281329,0.718671
3,1e-06,1e-05,-376.17,0.0,213.43,134065.73,130281.11,0.00,136612.98,1.0,0.00,189226.63,0.00,,Месторождение,12.59,209.24,127851.92,135689.64,0.0001,3,188806.40,39628.51,-46.26,141,0.00,46238.31,0.281329,0.718671
4,1e-06,1e-05,-382.63,0.0,213.43,134065.73,130281.11,0.00,136612.98,1.0,0.00,189226.63,0.00,0.0,Месторождение,12.59,209.24,127851.92,135689.64,0.0001,4,188806.40,39628.51,-29.71,141,0.00,46238.31,0.281329,0.718671
5,1e-05,1e-05,-376.17,0.0,213.43,134065.73,130281.11,0.00,136612.98,1.0,0.00,189226.63,0.00,,Месторождение,12.59,209.24,127851.92,135689.64,0.0001,5,188806.40,39628.51,-46.26,141,0.00,46238.31,0.281329,0.718671
6,1e-05,1e-05,-382.63,0.0,213.43,134065.73,130281.11,0.00,136612.98,1.0,0.00,189226.63,0.00,0.0,Месторождение,12.59,209.24,127851.92,135689.64,0.0001,6,188806.40,39628.51,-29.71,141,0.00,46238.31,0.281329,0.718671
7,0.0001,1e-05,-376.17,0.0,213.43,134065.73,130281.11,0.00,136612.98,1.0,0.00,189226.63,0.00,,Месторождение,12.59,209.24,127851.92,135689.64,0.0001,7,188806.40,39628.51,-46.26,141,0.00,46238.31,0.281329,0.718671
8,0.0001,1e-05,-382.63,0.0,213.43,134065.73,130281.11,0.00,136612.98,1.0,0.00,189226.63,0.00,0.0,Месторождение,12.59,209.24,127851.92,135689.64,0.0001,8,188806.40,39628.51,-29.71,141,0.00,46238.31,0.281329,0.718671
9,0.001,1e-05,-376.17,0.0,213.43,134065.73,130281.11,0.00,136612.98,1.0,0.00,189226.63,0.00,,Месторождение,12.59,209.24,127851.92,135689.64,0.0001,9,188806.40,39628.51,-46.26,141,0.00,46238.31,0.281329,0.718671
10,0.001,1e-05,-382.63,0.0,213.43,134065.73,130281.11,0.00,136612.98,1.0,0.00,189226.63,0.00,0.0,Месторождение,12.59,209.24,127851.92,135689.64,0.0001,10,188806.40,39628.51,-29.71,141,0.00,46238.31,0.281329,0.718671
11,1e-07,1e-05,-376.17,0.0,213.43,134065.73,130281.11,0.00,136612.98,2.0,0.00,189226.63,0.00,,Месторождение,12.59,209.24,127851.92,135689.64,0.0001,11,188806.40,39628.51,-46.26,141,0.00,46238.31,0.281329,0.718671
12,1e-07,1e-05,-382.63,0.0,213.43,134065.73,130281.11,0.00,136612.98,2.0,0.00,189226.63,0.00,0.0,Месторождение,12.59,209.24,127851.92,135689.64,0.0001,12,188806.40,39628.51,-29.71,141,0.00,46238.31,0.281329,0.718671
13,1e-06,1e-05,-376.17,0.0,213.43,134065.73,130281.11,0.00,136612.98,2.0,0.00,189226.63,0.00,,Месторождение,12.59,209.24,127851.92,135689.64,0.0001,13,188806.40,39628.51,-46.26,141,0.00,46238.31,0.281329,0.718671
14,1e-06,1e-05,-382.63,0.0,213.43,134065.73,130281.11,0.00,136612.98,2.0,0.00,189226.63,0.00,0.0,Месторождение,12.59,209.24,127851.92,135689.64,0.0001,14,188806.40,39628.51,-29.71,141,0.00,46238.31,0.281329,0.718671
15,1e-05,1e-05,-376.17,0.0,213.43,134065.73,130281.11,0.00,136612.98,2.0,0.00,189226.63,0.00,,Месторождение,12.59,209.24,127851.92,135689.64,0.0001,15,188806.40,39628.51,-46.26,141,0.00,46238.31,0.281329,0.718671
16,1e-05,1e-05,-382.63,0.0,213.43,134065.73,130281.11,0.00,136612.98,2.0,0.00,189226.63,0.00,0.0,Месторождение,12.59,209.24,127851.92,135689.64,0.0001,16,188806.40,39628.51,-29.71,141,0.00,46238.31,0.281329,0.718671
17,0.0001,1e-05,-376.17,0.0,213.43,134065.73,130281.11,0.00,136612.98,2.0,0.00,189226.63,0.00,,Месторождение,12.59,209.24,127851.92,135689.64,0.0001,17,188806.40,39628.51,-46.26,141,0.00,46238.31,0.281329,0.718671
18,0.0001,1e-05,-382.63,0.0,213.43,134065.73,130281.11,0.00,136612.98,2.0,0.00,189226.63,0.00,0.0,Месторождение,12.59,209.24,127851.92,135689.64,0.0001,18,188806.40,39628.51,-29.71,141,0.00,46238.31,0.281329,0.718671
19,0.001,1e-05,-376.17,0.0,213.43,134065.73,130281.11,0.00,136612.98,2.0,0.00,189226.63,0.00,,Месторождение,12.59,209.24,127851.92,135689.64,0.0001,19,188806.40,39628.51,-46.26,141,0.00,46238.31,0.281329,0.718671
20,0.001,1e-05,-382.63,0.0,213.43,134065.73,130281.11,0.00,136612.98,2.0,0.00,189226.63,0.00,0.0,Месторождение,12.59,209.24,127851.92,135689.64,0.0001,20,188806.40,39628.51,-29.71,141,0.00,46238.31,0.281329,0.718671
21,1e-07,0.0001,-10502.53,0.0,213.43,134065.45,130281.11,0.00,136612.69,1.0,0.00,189226.63,0.00,,Месторождение,12.59,209.23,127851.92,135689.34,0.0001,21,188806.41,39628.51,-1286.69,141,0.00,46238.01,0.281331,0.718669
22,1e-07,0.0001,-10502.53,0.0,213.43,134065.45,130281.11,0.00,136612.69,1.0,0.00,189226.63,0.00,0.0,Месторождение,12.59,209.23,127851.92,135689.34,0.0001,22,188806.41,39628.51,-1286.69,141,0.00,46238.01,0.281331,0.718669
23,1e-06,0.0001,-10502.53,0.0,213.43,134065.45,130281.11,0.00,136612.69,1.0,0.00,189226.63,0.00,,Месторождение,12.59,209.23,127851.92,135689.34,0.0001,23,188806.41,39628.51,-1286.69,141,0.00,46238.01,0.281331,0.718669
24,1e-06,0.0001,-10502.53,0.0,213.43,134065.45,130281.11,0.00,136612.69,1.0,0.00,189226.63,0.00,0.0,Месторождение,12.59,209.23,127851.92,135689.34,0.0001,24,188806.41,39628.51,-1286.69,141,0.00,46238.01,0.281331,0.718669
25,1e-05,0.0001,-10502.53,0.0,213.43,134065.45,130281.11,0.00,136612.69,1.0,0.00,189226.63,0.00,,Месторождение,12.59,209.23,127851.92,135689.34,0.0001,25,188806.41,39628.51,-1286.69,141,0.00,46238.01,0.281331,0.718669
26,1e-05,0.0001,-10502.53,0.0,213.43,134065.45,130281.11,0.00,136612.69,1.0,0.00,189226.63,0.00,0.0,Месторождение,12.59,209.23,127851.92,135689.34,0.0001,26,188806.41,39628.51,-1286.69,141,0.00,46238.01,0.281331,0.718669
27,0.0001,0.0001,-10502.53,0.0,213.43,134065.45,130281.11,0.00,136612.69,1.0,0.00,189226.63,0.00,,Месторождение,12.59,209.23,127851.92,135689.34,0.0001,27,188806.41,39628.51,-1286.69,141,0.00,46238.01,0.281331,0.718669
28,0.0001,0.0001,-10502.53,0.0,213.43,134065.45,130281.11,0.00,136612.69,1.0,0.00,189226.63,0.00,0.0,Месторождение,12.59,209.23,127851.92,135689.34,0.0001,28,188806.41,39628.51,-1286.69,141,0.00,46238.01,0.281331,0.718669
29,0.001,0.0001,-10502.53,0.0,213.43,134065.45,130281.11,0.00,136612.69,1.0,0.00,189226.63,0.00,,Месторождение,12.59,209.23,127851.92,135689.34,0.0001,29,188806.41,39628.51,-1286.69,141,0.00,46238.01,0.281331,0.718669
30,0.001,0.0001,-10502.53,0.0,213.43,134065.45,130281.11,0.00,136612.69,1.0,0.00,189226.63,0.00,0.0,Месторождение,12.59,209.23,127851.92,135689.34,0.0001,30,188806.41,39628.51,-1286.69,141,0.00,46238.01,0.281331,0.718669
31,1e-07,0.0001,-10502.53,0.0,213.43,134065.45,130281.11,0.00,136612.69,2.0,0.00,189226.63,0.00,,Месторождение,12.59,209.23,127851.92,135689.34,0.0001,31,188806.41,39628.51,-1286.69,141,0.00,46238.01,0.281331,0.718669
32,1e-07,0.0001,-10502.53,0.0,213.43,134065.45,130281.11,0.00,136612.69,2.0,0.00,189226.63,0.00,0.0,Месторождение,12.59,209.23,127851.92,135689.34,0.0001,32,188806.41,39628.51,-1286.69,141,0.00,46238.01,0.281331,0.718669
33,1e-06,0.0001,-10502.53,0.0,213.43,134065.45,130281.11,0.00,136612.69,2.0,0.00,189226.63,0.00,,Месторождение,12.59,209.23,127851.92,135689.34,0.0001,33,188806.41,39628.51,-1286.69,141,0.00,46238.01,0.281331,0.718669
34,1e-06,0.0001,-10502.53,0.0,213.43,134065.45,130281.11,0.00,136612.69,2.0,0.00,189226.63,0.00,0.0,Месторождение,12.59,209.23,127851.92,135689.34,0.0001,34,188806.41,39628.51,-1286.69,141,0.00,46238.01,0.281331,0.718669
35,1e-05,0.0001,-10502.53,0.0,213.43,134065.45,130281.11,0.00,136612.69,2.0,0.00,189226.63,0.00,,Месторождение,12.59,209.23,127851.92,135689.34,0.0001,35,188806.41,39628.51,-1286.69,141,0.00,46238.01,0.281331,0.718669
36,1e-05,0.0001,-10502.53,0.0,213.43,134065.45,130281.11,0.00,136612.69,2.0,0.00,189226.63,0.00,0.0,Месторождение,12.59,209.23,127851.92,135689.34,0.0001,36,188806.41,39628.51,-1286.69,141,0.00,46238.01,0.281331,0.718669
37,0.0001,0.0001,-10502.53,0.0,213.43,134065.45,130281.11,0.00,136612.69,2.0,0.00,189226.63,0.00,,Месторождение,12.59,209.23,127851.92,135689.34,0.0001,37,188806.41,39628.51,-1286.69,141,0.00,46238.01,0.281331,0.718669
38,0.0001,0.0001,-10502.53,0.0,213.43,134065.45,130281.11,0.00,136612.69,2.0,0.00,189226.63,0.00,0.0,Месторождение,12.59,209.23,127851.92,135689.34,0.0001,38,188806.41,39628.51,-1286.69,141,0.00,46238.01,0.281331,0.718669
39,0.001,0.0001,-10502.53,0.0,213.43,134065.45,130281.11,0.00,136612.69,2.0,0.00,189226.63,0.00,,Месторождение,12.59,209.23,127851.92,135689.34,0.0001,39,188806.41,39628.51,-1286.69,141,0.00,46238.01,0.281331,0.718669
40,0.001,0.0001,-10502.53,0.0,213.43,134065.45,130281.11,0.00,136612.69,2.0,0.00,189226.63,0.00,0.0,Месторождение,12.59,209.23,127851.92,135689.34,0.0001,40,188806.41,39628.51,-1286.69,141,0.00,46238.01,0.281331,0.718669
41,1e-07,0.001,-33920.65,0.0,213.41,134061.74,130281.11,0.00,136608.91,1.0,0.00,189226.63,0.00,,Месторождение,12.58,209.19,127851.92,135685.65,0.0001,41,188806.25,39628.51,-38756.64,141,0.00,46234.43,0.281350,0.718650
42,1e-07,0.001,-4359.12,0.0,213.39,134061.31,130281.11,0.00,136608.47,1.0,0.00,189226.63,0.00,0.0,Месторождение,12.58,209.17,127851.92,135685.31,0.0001,42,188806.09,39628.51,-68559.03,141,0.00,46234.13,0.281351,0.718649
43,1e-06,0.001,263271.17,0.0,213.40,134059.71,130281.11,0.00,136606.84,1.0,0.00,189226.63,0.00,,Месторождение,12.58,209.18,127851.92,135683.63,0.0001,43,188806.19,39628.51,-159221.56,141,0.00,46232.49,0.281360,0.718640
44,1e-06,0.001,258793.52,0.0,213.40,134060.07,130281.11,0.00,136607.21,1.0,0.00,189226.63,0.00,0.0,Месторождение,12.58,209.19,127851.92,135684.03,0.0001,44,188806.16,39628.51,-137133.68,141,0.00,46232.84,0.281358,0.718642
45,1e-05,0.001,263271.17,0.0,213.40,134059.71,130281.11,0.00,136606.84,1.0,0.00,189226.63,0.00,,Месторождение,12.58,209.18,127851.92,135683.63,0.0001,45,188806.19,39628.51,-159221.56,141,0.00,46232.49,0.281360,0.718640
46,1e-05,0.001,258793.52,0.0,213.40,134060.07,130281.11,0.00,136607.21,1.0,0.00,189226.63,0.00,0.0,Месторождение,12.58,209.19,127851.92,135684.03,0.0001,46,188806.16,39628.51,-137133.68,141,0.00,46232.84,0.281358,0.718642
47,0.0001,0.001,263271.17,0.0,213.40,134059.71,130281.11,0.00,136606.84,1.0,0.00,189226.63,0.00,,Месторождение,12.58,209.18,127851.92,135683.63,0.0001,47,188806.19,39628.51,-159221.56,141,0.00,46232.49,0.281360,0.718640
48,0.0001,0.001,258793.52,0.0,213.40,134060.07,130281.11,0.00,136607.21,1.0,0.00,189226.63,0.00,0.0,Месторождение,12.58,209.19,127851.92,135684.03,0.0001,48,188806.16,39628.51,-137133.68,141,0.00,46232.84,0.281358,0.718642
49,0.001,0.001,263271.17,0.0,213.40,134059.71,130281.11,0.00,136606.84,1.0,0.00,189226.63,0.00,,Месторождение,12.58,209.18,127851.92,135683.63,0.0001,49,188806.19,39628.51,-159221.56,141,0.00,46232.49,0.281360,0.718640
50,0.001,0.001,258793.52,0.0,213.40,134060.07,130281.11,0.00,136607.21,1.0,0.00,189226.63,0.00,0.0,Месторождение,12.58,209.19,127851.92,135684.03,0.0001,50,188806.16,39628.51,-137133.68,141,0.00,46232.84,0.281358,0.718642
51,1e-07,0.001,5164.68,0.0,213.40,134060.74,130281.11,0.00,136607.90,2.0,0.00,189226.63,0.00,,Месторождение,12.58,209.19,127851.92,135684.73,0.0001,51,188806.14,39628.51,-71114.26,141,0.00,46233.54,0.281354,0.718646
52,1e-07,0.001,38798.76,0.0,213.40,134061.45,130281.11,0.00,136608.61,2.0,0.00,189226.63,0.00,0.0,Месторождение,12.58,209.19,127851.92,135685.40,0.0001,52,188806.20,39628.51,-107331.59,141,0.00,46234.18,0.281351,0.718649
53,1e-06,0.001,285808.29,0.0,213.39,134059.99,130281.11,0.00,136607.13,2.0,0.00,189226.63,0.00,,Месторождение,12.58,209.17,127851.92,135683.97,0.0001,53,188806.11,39628.51,-181757.88,141,0.00,46232.80,0.281358,0.718642
54,1e-06,0.001,159908.10,0.0,213.39,134059.52,130281.11,0.00,136606.65,2.0,0.00,189226.63,0.00,0.0,Месторождение,12.58,209.17,127851.92,135683.53,0.0001,54,188806.05,39628.51,-83761.97,141,0.00,46232.38,0.281360,0.718640
55,1e-05,0.001,285808.29,0.0,213.39,134059.99,130281.11,0.00,136607.13,2.0,0.00,189226.63,0.00,,Месторождение,12.58,209.17,127851.92,135683.97,0.0001,55,188806.11,39628.51,-181757.88,141,0.00,46232.80,0.281358,0.718642
56,1e-05,0.001,159908.10,0.0,213.39,134059.52,130281.11,0.00,136606.65,2.0,0.00,189226.63,0.00,0.0,Месторождение,12.58,209.17,127851.92,135683.53,0.0001,56,188806.05,39628.51,-83761.97,141,0.00,46232.38,0.281360,0.718640
57,0.0001,0.001,285808.29,0.0,213.39,134059.99,130281.11,0.00,136607.13,2.0,0.00,189226.63,0.00,,Месторождение,12.58,209.17,127851.92,135683.97,0.0001,57,188806.11,39628.51,-181757.88,141,0.00,46232.80,0.281358,0.718642
58,0.0001,0.001,159908.10,0.0,213.39,134059.52,130281.11,0.00,136606.65,2.0,0.00,189226.63,0.00,0.0,Месторождение,12.58,209.17,127851.92,135683.53,0.0001,58,188806.05,39628.51,-83761.97,141,0.00,46232.38,0.281360,0.718640
59,0.001,0.001,285808.29,0.0,213.39,134059.99,130281.11,0.00,136607.13,2.0,0.00,189226.63,0.00,,Месторождение,12.58,209.17,127851.92,135683.97,0.0001,59,188806.11,39628.51,-181757.88,141,0.00,46232.80,0.281358,0.718642
60,0.001,0.001,159908.10,0.0,213.39,134059.52,130281.11,0.00,136606.65,2.0,0.00,189226.63,0.00,0.0,Месторождение,12.58,209.17,127851.92,135683.53,0.0001,60,188806.05,39628.51,-83761.97,141,0.00,46232.38,0.281360,0.718640
61,1e-07,0.01,-568026.40,0.0,213.43,134062.27,130281.11,0.00,136609.46,1.0,0.00,189226.63,0.00,,Месторождение,12.58,209.23,127851.92,135686.06,0.0001,61,188806.47,39628.51,-15747.77,141,0.00,46234.79,0.281348,0.718652
62,1e-07,0.01,-528018.42,0.0,213.42,134060.61,130281.11,0.00,136607.78,1.0,0.00,189226.63,0.00,0.0,Месторождение,12.58,209.21,127851.92,135684.48,0.0001,62,188806.31,39628.51,-50413.61,141,0.00,46233.26,0.281356,0.718644
63,1e-06,0.01,-563889.85,0.0,213.38,134057.16,130281.11,0.00,136604.24,1.0,0.00,189226.63,0.00,,Месторождение,12.57,209.14,127851.92,135681.10,0.0001,63,188806.04,39628.51,111138.88,141,0.00,46230.03,0.281373,0.718627
64,1e-06,0.01,-201896.16,0.0,213.40,134057.10,130281.11,0.00,136604.19,1.0,0.00,189226.63,0.00,0.0,Месторождение,12.57,209.16,127851.92,135680.94,0.0001,64,188806.18,39628.51,-76022.43,141,0.00,46229.83,0.281374,0.718626
65,1e-05,0.01,313528.54,0.0,213.33,134057.20,130281.11,0.00,136604.29,1.0,0.00,189226.63,0.00,,Месторождение,12.58,209.09,127851.92,135681.46,0.0001,65,188805.59,39628.51,,141,0.00,46230.46,0.281369,0.718631
66,1e-05,0.01,,0.0,213.37,134056.94,130281.11,0.00,136604.02,1.0,0.00,189226.63,0.00,0.0,Месторождение,12.57,209.13,127851.92,135680.94,0.0001,66,188805.94,39628.51,748222.84,141,0.00,46229.88,0.281374,0.718626
67,0.0001,0.01,,0.0,213.42,134057.27,130281.11,0.00,136604.36,1.0,0.00,189226.63,0.00,,Месторождение,12.57,209.20,127851.92,135681.06,0.0001,67,188806.32,39628.51,864402.97,141,0.00,46229.90,0.281374,0.718626
68,0.0001,0.01,,0.0,213.37,134056.83,130281.11,0.00,136603.91,1.0,0.00,189226.63,0.00,0.0,Месторождение,12.57,209.13,127851.92,135680.84,0.0001,68,188805.93,39628.51,243799.44,141,0.00,46229.85,0.281374,0.718626
69,0.001,0.01,,0.0,213.42,134057.27,130281.11,0.00,136604.36,1.0,0.00,189226.63,0.00,,Месторождение,12.57,209.20,127851.92,135681.06,0.0001,69,188806.32,39628.51,864402.97,141,0.00,46229.90,0.281374,0.718626
70,0.001,0.01,,0.0,213.37,134056.83,130281.11,0.00,136603.91,1.0,0.00,189226.63,0.00,0.0,Месторождение,12.57,209.13,127851.92,135680.84,0.0001,70,188805.93,39628.51,243799.44,141,0.00,46229.85,0.281374,0.718626
71,1e-07,0.01,-402470.26,0.0,213.40,134060.50,130281.11,0.00,136607.65,2.0,0.00,189226.63,0.00,,Месторождение,12.58,209.18,127851.92,135684.41,0.0001,71,188806.19,39628.51,-39717.69,141,0.00,46233.26,0.281356,0.718644
72,1e-07,0.01,-439324.43,0.0,213.41,134059.87,130281.11,0.00,136607.01,2.0,0.00,189226.63,0.00,0.0,Месторождение,12.58,209.19,127851.92,135683.73,0.0001,72,188806.28,39628.51,-87155.52,141,0.00,46232.60,0.281360,0.718640
73,1e-06,0.01,335530.53,0.0,213.40,134057.36,130281.11,0.00,136604.45,2.0,0.00,189226.63,0.00,,Месторождение,12.57,209.17,127851.92,135681.24,0.0001,73,188806.18,39628.51,-259564.27,141,0.00,46230.10,0.281373,0.718627
74,1e-06,0.01,30098.64,0.0,213.38,134056.31,130281.11,0.00,136603.38,2.0,0.00,189226.63,0.00,0.0,Месторождение,12.57,209.15,127851.92,135680.29,0.0001,74,188806.00,39628.51,-52228.20,141,0.00,46229.45,0.281377,0.718623
75,1e-05,0.01,,0.0,213.33,134052.01,130281.11,0.00,136599.03,2.0,0.00,189226.63,0.00,,Месторождение,12.57,209.09,127851.92,135676.19,0.0001,75,188805.61,39628.51,,141,0.00,46225.26,0.281397,0.718603
76,1e-05,0.01,,0.0,213.32,134052.03,130281.11,0.00,136599.02,2.0,0.00,189226.63,0.00,0.0,Месторождение,12.57,209.08,127851.92,135676.25,0.0001,76,188805.53,39628.51,,141,0.00,46225.37,0.281397,0.718603
77,0.0001,0.01,,0.0,213.39,134053.97,130281.11,0.00,136601.00,2.0,0.00,189226.63,0.00,,Месторождение,12.57,209.16,127851.92,135677.83,0.0001,77,188806.13,39628.51,,141,0.00,46226.77,0.281391,0.718609
78,0.0001,0.01,,0.0,213.40,134054.86,130281.11,0.00,136601.90,2.0,0.00,189226.63,0.00,0.0,Месторождение,12.57,209.17,127851.92,135678.66,0.0001,78,188806.21,39628.51,,141,0.00,46227.57,0.281387,0.718613
79,0.001,0.01,,0.0,213.39,134053.97,130281.11,0.00,136601.00,2.0,0.00,189226.63,0.00,,Месторождение,12.57,209.16,127851.92,135677.83,0.0001,79,188806.13,39628.51,,141,0.00,46226.77,0.281391,0.718609
80,0.001,0.01,,0.0,213.40,134054.86,130281.11,0.00,136601.90,2.0,0.00,189226.63,0.00,0.0,Месторождение,12.57,209.17,127851.92,135678.66,0.0001,80,188806.21,39628.51,,141,0.00,46227.57,0.281387,0.718613
81,1e-07,0.1,-475020.33,0.0,213.44,134060.15,130281.11,0.00,136607.29,1.0,0.00,189226.63,0.00,,Месторождение,12.58,209.23,127851.92,135683.89,0.0001,81,188806.49,39628.51,-68501.89,141,0.00,46232.65,0.281360,0.718640
82,1e-07,0.1,-518612.45,0.0,213.40,134059.06,130281.11,0.00,136606.18,1.0,0.00,189226.63,0.00,0.0,Месторождение,12.58,209.18,127851.92,135682.95,0.0001,82,188806.20,39628.51,-41347.84,141,0.00,46231.79,0.281364,0.718636
83,1e-06,0.1,-733064.00,0.0,213.36,134056.89,130281.11,0.00,136603.97,1.0,0.00,189226.63,0.00,,Месторождение,12.58,209.14,127851.92,135681.04,0.0001,83,188805.82,39628.51,31481.68,141,0.00,46229.99,0.281373,0.718627
84,1e-06,0.1,-602931.62,0.0,213.36,134056.30,130281.11,0.00,136603.36,1.0,0.00,189226.63,0.00,0.0,Месторождение,12.57,209.13,127851.92,135680.39,0.0001,84,188805.85,39628.51,-324812.74,141,0.00,46229.35,0.281376,0.718624
85,1e-05,0.1,,0.0,213.49,134058.50,130281.11,0.00,136605.63,1.0,0.00,189226.63,0.00,,Месторождение,12.57,209.28,127851.92,135681.94,0.0001,85,188806.90,39628.51,-180108.87,141,0.00,46230.65,0.281372,0.718628
86,1e-05,0.1,,0.0,213.48,134055.04,130281.11,0.00,136602.09,1.0,0.00,189226.63,0.00,0.0,Месторождение,12.57,209.25,127851.92,135678.45,0.0001,86,188806.82,39628.51,935338.55,141,0.00,46227.37,0.281390,0.718610
87,0.0001,0.1,,0.0,213.56,134059.18,130281.11,0.00,136606.31,1.0,0.00,189226.63,0.00,,Месторождение,12.57,209.35,127851.92,135682.13,0.0001,87,188807.57,39628.51,,141,0.00,46230.73,0.281373,0.718627
88,0.0001,0.1,,0.0,217.30,131332.88,130281.11,0.00,133828.18,1.0,0.00,189226.63,0.00,0.0,Месторождение,7.78,203.83,127851.92,132878.73,0.0001,88,188838.60,39628.51,,93,0.00,43467.75,0.296337,0.703663
89,0.001,0.1,,0.0,213.56,134059.18,130281.11,0.00,136606.31,1.0,0.00,189226.63,0.00,,Месторождение,12.57,209.35,127851.92,135682.13,0.0001,89,188807.57,39628.51,,141,0.00,46230.73,0.281373,0.718627
90,0.001,0.1,,0.0,217.30,131332.88,130281.11,0.00,133828.18,1.0,0.00,189226.63,0.00,0.0,Месторождение,7.78,203.83,127851.92,132878.73,0.0001,90,188838.60,39628.51,,93,0.00,43467.75,0.296337,0.703663
91,1e-07,0.1,-403301.43,0.0,213.41,134061.01,130281.11,0.00,136608.22,2.0,0.00,189226.63,0.00,,Месторождение,12.58,209.19,127851.92,135684.91,0.0001,91,188806.25,39628.51,-67110.89,141,0.00,46233.70,0.281354,0.718646
92,1e-07,0.1,-321024.24,0.0,213.40,134059.50,130281.11,0.00,136606.63,2.0,0.00,189226.63,0.00,0.0,Месторождение,12.58,209.18,127851.92,135683.40,0.0001,92,188806.19,39628.51,-73921.00,141,0.00,46232.28,0.281361,0.718639
93,1e-06,0.1,799464.45,0.0,213.37,134055.77,130281.11,0.00,136602.83,2.0,0.00,189226.63,0.00,,Месторождение,12.57,209.13,127851.92,135679.75,0.0001,93,188805.95,39628.51,-793756.35,141,0.00,46228.83,0.281380,0.718620
94,1e-06,0.1,-66850.80,0.0,213.35,134054.43,130281.11,0.00,136601.46,2.0,0.00,189226.63,0.00,0.0,Месторождение,12.57,209.11,127851.92,135678.51,0.0001,94,188805.77,39628.51,-401824.10,141,0.00,46227.62,0.281386,0.718614
95,1e-05,0.1,-443614.39,0.0,213.51,134053.41,130281.11,0.00,136600.42,2.0,0.00,189226.63,0.00,,Месторождение,12.56,209.29,127851.92,135676.58,0.0001,95,188807.12,39628.51,,141,0.00,46225.45,0.281401,0.718599
96,1e-05,0.1,466551.47,0.0,213.54,134052.67,130281.11,0.00,136599.67,2.0,0.00,189226.63,0.00,0.0,Месторождение,12.56,209.32,127851.92,135675.69,0.0001,96,188807.35,39628.51,,141,0.00,46224.60,0.281407,0.718593
97,0.0001,0.1,,0.0,213.55,134053.92,130281.11,0.00,136600.94,2.0,0.00,189226.63,0.00,,Месторождение,12.56,209.31,127851.92,135676.83,0.0001,97,188807.45,39628.51,-922613.06,141,0.00,46225.53,0.281401,0.718599
98,0.0001,0.1,,0.0,213.47,134053.28,130281.11,0.00,136600.30,2.0,0.00,189226.63,0.00,0.0,Месторождение,12.57,209.23,127851.92,135676.68,0.0001,98,188806.75,39628.51,,141,0.00,46225.90,0.281399,0.718601
99,0.001,0.1,,0.0,213.55,134053.92,130281.11,0.00,136600.94,2.0,0.00,189226.63,0.00,,Месторождение,12.56,209.31,127851.92,135676.83,0.0001,99,188807.45,39628.51,-922613.06,141,0.00,46225.53,0.281401,0.718599
100,0.001,0.1,,0.0,213.47,134053.28,130281.11,0.00,136600.30,2.0,0.00,189226.63,0.00,0.0,Месторождение,12.57,209.23,127851.92,135676.68,0.0001,100,188806.75,39628.51,,141,0.00,46225.90,0.281399,0.718601
101,1e-07,1e-05,-2437.66,0.0,213.43,134065.72,130281.11,0.00,136612.97,1.0,0.00,189226.63,0.00,,Месторождение,12.59,209.24,127851.92,135689.63,0.0005,101,188806.40,39628.51,-118.04,141,0.00,46238.30,0.281329,0.718671
102,1e-07,1e-05,-2451.62,0.0,213.43,134065.72,130281.11,0.00,136612.97,1.0,0.00,189226.63,0.00,0.0,Месторождение,12.59,209.24,127851.92,135689.63,0.0005,102,188806.40,39628.51,-92.11,141,0.00,46238.30,0.281329,0.718671
103,1e-06,1e-05,-2437.66,0.0,213.43,134065.72,130281.11,0.00,136612.97,1.0,0.00,189226.63,0.00,,Месторождение,12.59,209.24,127851.92,135689.63,0.0005,103,188806.40,39628.51,-118.04,141,0.00,46238.30,0.281329,0.718671
104,1e-06,1e-05,-2451.62,0.0,213.43,134065.72,130281.11,0.00,136612.97,1.0,0.00,189226.63,0.00,0.0,Месторождение,12.59,209.24,127851.92,135689.63,0.0005,104,188806.40,39628.51,-92.11,141,0.00,46238.30,0.281329,0.718671
105,1e-05,1e-05,-2437.66,0.0,213.43,134065.72,130281.11,0.00,136612.97,1.0,0.00,189226.63,0.00,,Месторождение,12.59,209.24,127851.92,135689.63,0.0005,105,188806.40,39628.51,-118.04,141,0.00,46238.30,0.281329,0.718671
106,1e-05,1e-05,-2451.62,0.0,213.43,134065.72,130281.11,0.00,136612.97,1.0,0.00,189226.63,0.00,0.0,Месторождение,12.59,209.24,127851.92,135689.63,0.0005,106,188806.40,39628.51,-92.11,141,0.00,46238.30,0.281329,0.718671
107,0.0001,1e-05,-2437.66,0.0,213.43,134065.72,130281.11,0.00,136612.97,1.0,0.00,189226.63,0.00,,Месторождение,12.59,209.24,127851.92,135689.63,0.0005,107,188806.40,39628.51,-118.04,141,0.00,46238.30,0.281329,0.718671
108,0.0001,1e-05,-2451.62,0.0,213.43,134065.72,130281.11,0.00,136612.97,1.0,0.00,189226.63,0.00,0.0,Месторождение,12.59,209.24,127851.92,135689.63,0.0005,108,188806.40,39628.51,-92.11,141,0.00,46238.30,0.281329,0.718671
109,0.001,1e-05,-2437.66,0.0,213.43,134065.72,130281.11,0.00,136612.97,1.0,0.00,189226.63,0.00,,Месторождение,12.59,209.24,127851.92,135689.63,0.0005,109,188806.40,39628.51,-118.04,141,0.00,46238.30,0.281329,0.718671
110,0.001,1e-05,-2451.62,0.0,213.43,134065.72,130281.11,0.00,136612.97,1.0,0.00,189226.63,0.00,0.0,Месторождение,12.59,209.24,127851.92,135689.63,0.0005,110,188806.40,39628.51,-92.11,141,0.00,46238.30,0.281329,0.718671
111,1e-07,1e-05,-2437.66,0.0,213.43,134065.72,130281.11,0.00,136612.97,2.0,0.00,189226.63,0.00,,Месторождение,12.59,209.24,127851.92,135689.63,0.0005,111,188806.40,39628.51,-118.04,141,0.00,46238.30,0.281329,0.718671
112,1e-07,1e-05,-2451.62,0.0,213.43,134065.72,130281.11,0.00,136612.97,2.0,0.00,189226.63,0.00,0.0,Месторождение,12.59,209.24,127851.92,135689.63,0.0005,112,188806.40,39628.51,-92.11,141,0.00,46238.30,0.281329,0.718671
113,1e-06,1e-05,-2437.66,0.0,213.43,134065.72,130281.11,0.00,136612.97,2.0,0.00,189226.63,0.00,,Месторождение,12.59,209.24,127851.92,135689.63,0.0005,113,188806.40,39628.51,-118.04,141,0.00,46238.30,0.281329,0.718671
114,1e-06,1e-05,-2451.62,0.0,213.43,134065.72,130281.11,0.00,136612.97,2.0,0.00,189226.63,0.00,0.0,Месторождение,12.59,209.24,127851.92,135689.63,0.0005,114,188806.40,39628.51,-92.11,141,0.00,46238.30,0.281329,0.718671
115,1e-05,1e-05,-2437.66,0.0,213.43,134065.72,130281.11,0.00,136612.97,2.0,0.00,189226.63,0.00,,Месторождение,12.59,209.24,127851.92,135689.63,0.0005,115,188806.40,39628.51,-118.04,141,0.00,46238.30,0.281329,0.718671
116,1e-05,1e-05,-2451.62,0.0,213.43,134065.72,130281.11,0.00,136612.97,2.0,0.00,189226.63,0.00,0.0,Месторождение,12.59,209.24,127851.92,135689.63,0.0005,116,188806.40,39628.51,-92.11,141,0.00,46238.30,0.281329,0.718671
117,0.0001,1e-05,-2437.66,0.0,213.43,134065.72,130281.11,0.00,136612.97,2.0,0.00,189226.63,0.00,,Месторождение,12.59,209.24,127851.92,135689.63,0.0005,117,188806.40,39628.51,-118.04,141,0.00,46238.30,0.281329,0.718671
118,0.0001,1e-05,-2451.62,0.0,213.43,134065.72,130281.11,0.00,136612.97,2.0,0.00,189226.63,0.00,0.0,Месторождение,12.59,209.24,127851.92,135689.63,0.0005,118,188806.40,39628.51,-92.11,141,0.00,46238.30,0.281329,0.718671
119,0.001,1e-05,-2437.66,0.0,213.43,134065.72,130281.11,0.00,136612.97,2.0,0.00,189226.63,0.00,,Месторождение,12.59,209.24,127851.92,135689.63,0.0005,119,188806.40,39628.51,-118.04,141,0.00,46238.30,0.281329,0.718671
120,0.001,1e-05,-2451.62,0.0,213.43,134065.72,130281.11,0.00,136612.97,2.0,0.00,189226.63,0.00,0.0,Месторождение,12.59,209.24,127851.92,135689.63,0.0005,120,188806.40,39628.51,-92.11,141,0.00,46238.30,0.281329,0.718671
121,1e-07,0.0001,-43388.32,0.0,213.43,134065.47,130281.11,0.00,136612.71,1.0,0.00,189226.63,0.00,,Месторождение,12.59,209.23,127851.92,135689.36,0.0005,121,188806.42,39628.51,-4183.16,141,0.00,46238.03,0.281331,0.718669
122,1e-07,0.0001,-43388.32,0.0,213.43,134065.47,130281.11,0.00,136612.71,1.0,0.00,189226.63,0.00,0.0,Месторождение,12.59,209.23,127851.92,135689.36,0.0005,122,188806.42,39628.51,-4183.16,141,0.00,46238.03,0.281331,0.718669
123,1e-06,0.0001,-43388.32,0.0,213.43,134065.47,130281.11,0.00,136612.71,1.0,0.00,189226.63,0.00,,Месторождение,12.59,209.23,127851.92,135689.36,0.0005,123,188806.42,39628.51,-4183.16,141,0.00,46238.03,0.281331,0.718669
124,1e-06,0.0001,-43388.32,0.0,213.43,134065.47,130281.11,0.00,136612.71,1.0,0.00,189226.63,0.00,0.0,Месторождение,12.59,209.23,127851.92,135689.36,0.0005,124,188806.42,39628.51,-4183.16,141,0.00,46238.03,0.281331,0.718669
125,1e-05,0.0001,-43388.32,0.0,213.43,134065.47,130281.11,0.00,136612.71,1.0,0.00,189226.63,0.00,,Месторождение,12.59,209.23,127851.92,135689.36,0.0005,125,188806.42,39628.51,-4183.16,141,0.00,46238.03,0.281331,0.718669
126,1e-05,0.0001,-43388.32,0.0,213.43,134065.47,130281.11,0.00,136612.71,1.0,0.00,189226.63,0.00,0.0,Месторождение,12.59,209.23,127851.92,135689.36,0.0005,126,188806.42,39628.51,-4183.16,141,0.00,46238.03,0.281331,0.718669
127,0.0001,0.0001,-43388.32,0.0,213.43,134065.47,130281.11,0.00,136612.71,1.0,0.00,189226.63,0.00,,Месторождение,12.59,209.23,127851.92,135689.36,0.0005,127,188806.42,39628.51,-4183.16,141,0.00,46238.03,0.281331,0.718669
128,0.0001,0.0001,-43388.32,0.0,213.43,134065.47,130281.11,0.00,136612.71,1.0,0.00,189226.63,0.00,0.0,Месторождение,12.59,209.23,127851.92,135689.36,0.0005,128,188806.42,39628.51,-4183.16,141,0.00,46238.03,0.281331,0.718669
129,0.001,0.0001,-43388.32,0.0,213.43,134065.47,130281.11,0.00,136612.71,1.0,0.00,189226.63,0.00,,Месторождение,12.59,209.23,127851.92,135689.36,0.0005,129,188806.42,39628.51,-4183.16,141,0.00,46238.03,0.281331,0.718669
130,0.001,0.0001,-43388.32,0.0,213.43,134065.47,130281.11,0.00,136612.71,1.0,0.00,189226.63,0.00,0.0,Месторождение,12.59,209.23,127851.92,135689.36,0.0005,130,188806.42,39628.51,-4183.16,141,0.00,46238.03,0.281331,0.718669
131,1e-07,0.0001,-43388.32,0.0,213.43,134065.47,130281.11,0.00,136612.71,2.0,0.00,189226.63,0.00,,Месторождение,12.59,209.23,127851.92,135689.36,0.0005,131,188806.42,39628.51,-4183.16,141,0.00,46238.03,0.281331,0.718669
132,1e-07,0.0001,-43388.32,0.0,213.43,134065.47,130281.11,0.00,136612.71,2.0,0.00,189226.63,0.00,0.0,Месторождение,12.59,209.23,127851.92,135689.36,0.0005,132,188806.42,39628.51,-4183.16,141,0.00,46238.03,0.281331,0.718669
133,1e-06,0.0001,-43388.32,0.0,213.43,134065.47,130281.11,0.00,136612.71,2.0,0.00,189226.63,0.00,,Месторождение,12.59,209.23,127851.92,135689.36,0.0005,133,188806.42,39628.51,-4183.16,141,0.00,46238.03,0.281331,0.718669
134,1e-06,0.0001,-43388.32,0.0,213.43,134065.47,130281.11,0.00,136612.71,2.0,0.00,189226.63,0.00,0.0,Месторождение,12.59,209.23,127851.92,135689.36,0.0005,134,188806.42,39628.51,-4183.16,141,0.00,46238.03,0.281331,0.718669
135,1e-05,0.0001,-43388.32,0.0,213.43,134065.47,130281.11,0.00,136612.71,2.0,0.00,189226.63,0.00,,Месторождение,12.59,209.23,127851.92,135689.36,0.0005,135,188806.42,39628.51,-4183.16,141,0.00,46238.03,0.281331,0.718669
136,1e-05,0.0001,-43388.32,0.0,213.43,134065.47,130281.11,0.00,136612.71,2.0,0.00,189226.63,0.00,0.0,Месторождение,12.59,209.23,127851.92,135689.36,0.0005,136,188806.42,39628.51,-4183.16,141,0.00,46238.03,0.281331,0.718669
137,0.0001,0.0001,-43388.32,0.0,213.43,134065.47,130281.11,0.00,136612.71,2.0,0.00,189226.63,0.00,,Месторождение,12.59,209.23,127851.92,135689.36,0.0005,137,188806.42,39628.51,-4183.16,141,0.00,46238.03,0.281331,0.718669
138,0.0001,0.0001,-43388.32,0.0,213.43,134065.47,130281.11,0.00,136612.71,2.0,0.00,189226.63,0.00,0.0,Месторождение,12.59,209.23,127851.92,135689.36,0.0005,138,188806.42,39628.51,-4183.16,141,0.00,46238.03,0.281331,0.718669
139,0.001,0.0001,-43388.32,0.0,213.43,134065.47,130281.11,0.00,136612.71,2.0,0.00,189226.63,0.00,,Месторождение,12.59,209.23,127851.92,135689.36,0.0005,139,188806.42,39628.51,-4183.16,141,0.00,46238.03,0.281331,0.718669
140,0.001,0.0001,-43388.32,0.0,213.43,134065.47,130281.11,0.00,136612.71,2.0,0.00,189226.63,0.00,0.0,Месторождение,12.59,209.23,127851.92,135689.36,0.0005,140,188806.42,39628.51,-4183.16,141,0.00,46238.03,0.281331,0.718669
141,1e-07,0.001,-456546.63,0.0,213.41,134061.47,130281.11,0.00,136608.64,1.0,0.00,189226.63,0.00,,Месторождение,12.58,209.21,127851.92,135685.36,0.0005,141,188806.30,39628.51,-85908.14,141,0.00,46234.12,0.281352,0.718648
142,1e-07,0.001,-471386.51,0.0,213.43,134062.14,130281.11,0.00,136609.32,1.0,0.00,189226.63,0.00,0.0,Месторождение,12.58,209.22,127851.92,135685.95,0.0005,142,188806.40,39628.51,-87539.64,141,0.00,46234.70,0.281349,0.718651
143,1e-06,0.001,-543366.40,0.0,213.43,134059.97,130281.11,0.00,136607.11,1.0,0.00,189226.63,0.00,,Месторождение,12.58,209.21,127851.92,135683.70,0.0005,143,188806.46,39628.51,-108787.31,141,0.00,46232.46,0.281361,0.718639
144,1e-06,0.001,-444030.86,0.0,213.44,134061.62,130281.11,0.00,136608.79,1.0,0.00,189226.63,0.00,0.0,Месторождение,12.58,209.22,127851.92,135685.30,0.0005,144,188806.54,39628.51,-200522.69,141,0.00,46234.04,0.281353,0.718647
145,1e-05,0.001,-531172.28,0.0,213.42,134060.65,130281.11,0.00,136607.80,1.0,0.00,189226.63,0.00,,Месторождение,12.58,209.21,127851.92,135684.44,0.0005,145,188806.39,39628.51,-97405.99,141,0.00,46233.22,0.281357,0.718643
146,1e-05,0.001,-444030.86,0.0,213.44,134061.62,130281.11,0.00,136608.79,1.0,0.00,189226.63,0.00,0.0,Месторождение,12.58,209.22,127851.92,135685.30,0.0005,146,188806.54,39628.51,-200522.69,141,0.00,46234.04,0.281353,0.718647
147,0.0001,0.001,-531172.28,0.0,213.42,134060.65,130281.11,0.00,136607.80,1.0,0.00,189226.63,0.00,,Месторождение,12.58,209.21,127851.92,135684.44,0.0005,147,188806.39,39628.51,-97405.99,141,0.00,46233.22,0.281357,0.718643
148,0.0001,0.001,-444030.86,0.0,213.44,134061.62,130281.11,0.00,136608.79,1.0,0.00,189226.63,0.00,0.0,Месторождение,12.58,209.22,127851.92,135685.30,0.0005,148,188806.54,39628.51,-200522.69,141,0.00,46234.04,0.281353,0.718647
149,0.001,0.001,-531172.28,0.0,213.42,134060.65,130281.11,0.00,136607.80,1.0,0.00,189226.63,0.00,,Месторождение,12.58,209.21,127851.92,135684.44,0.0005,149,188806.39,39628.51,-97405.99,141,0.00,46233.22,0.281357,0.718643
150,0.001,0.001,-444030.86,0.0,213.44,134061.62,130281.11,0.00,136608.79,1.0,0.00,189226.63,0.00,0.0,Месторождение,12.58,209.22,127851.92,135685.30,0.0005,150,188806.54,39628.51,-200522.69,141,0.00,46234.04,0.281353,0.718647
151,1e-07,0.001,-466026.52,0.0,213.42,134062.01,130281.11,0.00,136609.18,2.0,0.00,189226.63,0.00,,Месторождение,12.58,209.21,127851.92,135685.90,0.0005,151,188806.32,39628.51,-125898.50,141,0.00,46234.65,0.281349,0.718651
152,1e-07,0.001,-355722.63,0.0,213.42,134061.84,130281.11,0.00,136609.01,2.0,0.00,189226.63,0.00,0.0,Месторождение,12.58,209.20,127851.92,135685.70,0.0005,152,188806.33,39628.51,-95314.33,141,0.00,46234.51,0.281350,0.718650
153,1e-06,0.001,-538776.88,0.0,213.42,134060.26,130281.11,0.00,136607.41,2.0,0.00,189226.63,0.00,,Месторождение,12.58,209.20,127851.92,135684.07,0.0005,153,188806.35,39628.51,-36422.67,141,0.00,46232.86,0.281359,0.718641
154,1e-06,0.001,-570022.31,0.0,213.43,134060.16,130281.11,0.00,136607.31,2.0,0.00,189226.63,0.00,0.0,Месторождение,12.58,209.21,127851.92,135683.93,0.0005,154,188806.42,39628.51,-153203.10,141,0.00,46232.70,0.281360,0.718640
155,1e-05,0.001,-538776.88,0.0,213.42,134060.26,130281.11,0.00,136607.41,2.0,0.00,189226.63,0.00,,Месторождение,12.58,209.20,127851.92,135684.07,0.0005,155,188806.35,39628.51,-36422.67,141,0.00,46232.86,0.281359,0.718641
156,1e-05,0.001,-570022.31,0.0,213.43,134060.16,130281.11,0.00,136607.31,2.0,0.00,189226.63,0.00,0.0,Месторождение,12.58,209.21,127851.92,135683.93,0.0005,156,188806.42,39628.51,-153203.10,141,0.00,46232.70,0.281360,0.718640
157,0.0001,0.001,-538776.88,0.0,213.42,134060.26,130281.11,0.00,136607.41,2.0,0.00,189226.63,0.00,,Месторождение,12.58,209.20,127851.92,135684.07,0.0005,157,188806.35,39628.51,-36422.67,141,0.00,46232.86,0.281359,0.718641
158,0.0001,0.001,-570022.31,0.0,213.43,134060.16,130281.11,0.00,136607.31,2.0,0.00,189226.63,0.00,0.0,Месторождение,12.58,209.21,127851.92,135683.93,0.0005,158,188806.42,39628.51,-153203.10,141,0.00,46232.70,0.281360,0.718640
159,0.001,0.001,-538776.88,0.0,213.42,134060.26,130281.11,0.00,136607.41,2.0,0.00,189226.63,0.00,,Месторождение,12.58,209.20,127851.92,135684.07,0.0005,159,188806.35,39628.51,-36422.67,141,0.00,46232.86,0.281359,0.718641
160,0.001,0.001,-570022.31,0.0,213.43,134060.16,130281.11,0.00,136607.31,2.0,0.00,189226.63,0.00,0.0,Месторождение,12.58,209.21,127851.92,135683.93,0.0005,160,188806.42,39628.51,-153203.10,141,0.00,46232.70,0.281360,0.718640
161,1e-07,0.01,,0.0,213.45,134062.21,130281.11,0.00,136609.39,1.0,0.00,189226.63,0.00,,Месторождение,12.58,209.24,127851.92,135685.88,0.0005,161,188806.61,39628.51,-61684.04,141,0.00,46234.63,0.281350,0.718650
162,1e-07,0.01,,0.0,213.46,134062.86,130281.11,0.00,136610.06,1.0,0.00,189226.63,0.00,0.0,Месторождение,12.58,209.25,127851.92,135686.51,0.0005,162,188806.66,39628.51,-73044.34,141,0.00,46235.28,0.281347,0.718653
163,1e-06,0.01,,0.0,213.55,134060.79,130281.11,0.00,136607.94,1.0,0.00,189226.63,0.00,,Месторождение,12.57,209.31,127851.92,135683.75,0.0005,163,188807.48,39628.51,-202869.07,141,0.00,46232.39,0.281365,0.718635
164,1e-06,0.01,,0.0,213.50,134061.25,130281.11,0.00,136608.42,1.0,0.00,189226.63,0.00,0.0,Месторождение,12.58,209.26,127851.92,135684.54,0.0005,164,188807.05,39628.51,74780.06,141,0.00,46233.25,0.281359,0.718641
165,1e-05,0.01,,0.0,213.57,134060.29,130281.11,0.00,136607.44,1.0,0.00,189226.63,0.00,,Месторождение,12.57,209.32,127851.92,135683.16,0.0005,165,188807.60,39628.51,540430.66,141,0.00,46231.80,0.281368,0.718632
166,1e-05,0.01,,0.0,213.57,134061.90,130281.11,0.00,136609.08,1.0,0.00,189226.63,0.00,0.0,Месторождение,12.58,209.33,127851.92,135684.78,0.0005,166,188807.64,39628.51,499634.92,141,0.00,46233.37,0.281360,0.718640
167,0.0001,0.01,,0.0,213.62,134062.65,130281.11,0.00,136609.86,1.0,0.00,189226.63,0.00,,Месторождение,12.58,209.37,127851.92,135685.28,0.0005,167,188808.01,39628.51,209838.24,141,0.00,46233.79,0.281358,0.718642
168,0.0001,0.01,,0.0,213.61,134060.18,130281.11,0.00,136607.33,1.0,0.00,189226.63,0.00,0.0,Месторождение,12.57,209.34,127851.92,135682.75,0.0005,168,188807.97,39628.51,456830.21,141,0.00,46231.32,0.281372,0.718628
169,0.001,0.01,,0.0,213.62,134062.65,130281.11,0.00,136609.86,1.0,0.00,189226.63,0.00,,Месторождение,12.58,209.37,127851.92,135685.28,0.0005,169,188808.01,39628.51,209838.24,141,0.00,46233.79,0.281358,0.718642
170,0.001,0.01,,0.0,213.61,134060.18,130281.11,0.00,136607.33,1.0,0.00,189226.63,0.00,0.0,Месторождение,12.57,209.34,127851.92,135682.75,0.0005,170,188807.97,39628.51,456830.21,141,0.00,46231.32,0.281372,0.718628
171,1e-07,0.01,,0.0,213.44,134062.49,130281.11,0.00,136609.68,2.0,0.00,189226.63,0.00,,Месторождение,12.58,209.23,127851.92,135686.20,0.0005,171,188806.54,39628.51,-53683.27,141,0.00,46234.93,0.281348,0.718652
172,1e-07,0.01,,0.0,213.45,134063.25,130281.11,0.00,136610.50,2.0,0.00,189226.63,0.00,0.0,Месторождение,12.58,209.23,127851.92,135686.92,0.0005,172,188806.62,39628.51,-61702.95,141,0.00,46235.62,0.281344,0.718656
173,1e-06,0.01,,0.0,213.51,134058.80,130281.11,0.00,136605.91,2.0,0.00,189226.63,0.00,,Месторождение,12.57,209.24,127851.92,135681.97,0.0005,173,188807.09,39628.51,-458069.54,141,0.00,46230.88,0.281372,0.718628
174,1e-06,0.01,,0.0,213.52,134060.34,130281.11,0.00,136607.48,2.0,0.00,189226.63,0.00,0.0,Месторождение,12.57,209.27,127851.92,135683.45,0.0005,174,188807.23,39628.51,-645510.19,141,0.00,46232.16,0.281365,0.718635
175,1e-05,0.01,,0.0,213.58,134057.19,130281.11,0.00,136604.28,2.0,0.00,189226.63,0.00,,Месторождение,12.57,209.30,127851.92,135679.90,0.0005,175,188807.69,39628.51,,141,0.00,46228.87,0.281386,0.718614
176,1e-05,0.01,,0.0,213.59,134059.16,130281.11,0.00,136606.28,2.0,0.00,189226.63,0.00,0.0,Месторождение,12.57,209.33,127851.92,135681.82,0.0005,176,188807.81,39628.51,,141,0.00,46230.65,0.281376,0.718624
177,0.0001,0.01,,0.0,213.55,134058.32,130281.11,0.00,136605.43,2.0,0.00,189226.63,0.00,,Месторождение,12.57,209.27,127851.92,135681.21,0.0005,177,188807.43,39628.51,,141,0.00,46230.16,0.281378,0.718622
178,0.0001,0.01,,0.0,213.57,134057.20,130281.11,0.00,136604.28,2.0,0.00,189226.63,0.00,0.0,Месторождение,12.57,209.29,127851.92,135679.99,0.0005,178,188807.58,39628.51,,141,0.00,46228.78,0.281385,0.718615
179,0.001,0.01,,0.0,213.55,134058.32,130281.11,0.00,136605.43,2.0,0.00,189226.63,0.00,,Месторождение,12.57,209.27,127851.92,135681.21,0.0005,179,188807.43,39628.51,,141,0.00,46230.16,0.281378,0.718622
180,0.001,0.01,,0.0,213.57,134057.20,130281.11,0.00,136604.28,2.0,0.00,189226.63,0.00,0.0,Месторождение,12.57,209.29,127851.92,135679.99,0.0005,180,188807.58,39628.51,,141,0.00,46228.78,0.281385,0.718615
181,1e-07,0.1,,0.0,213.45,134062.21,130281.11,0.00,136609.39,1.0,0.00,189226.63,0.00,,Месторождение,12.58,209.24,127851.92,135685.88,0.0005,181,188806.61,39628.51,-61684.04,141,0.00,46234.63,0.281350,0.718650
182,1e-07,0.1,,0.0,213.45,134063.00,130281.11,0.00,136610.20,1.0,0.00,189226.63,0.00,0.0,Месторождение,12.58,209.23,127851.92,135686.65,0.0005,182,188806.62,39628.51,-73837.45,141,0.00,46235.39,0.281346,0.718654
183,1e-06,0.1,,0.0,213.57,134062.09,130281.11,0.00,136609.27,1.0,0.00,189226.63,0.00,,Месторождение,12.58,209.31,127851.92,135684.98,0.0005,183,188807.60,39628.51,-115177.98,141,0.00,46233.60,0.281358,0.718642
184,1e-06,0.1,,0.0,213.53,134059.90,130281.11,0.00,136607.04,1.0,0.00,189226.63,0.00,0.0,Месторождение,12.57,209.26,127851.92,135682.97,0.0005,184,188807.25,39628.51,-213823.87,141,0.00,46231.69,0.281368,0.718632
185,1e-05,0.1,,0.0,213.78,134064.11,130281.11,0.00,136611.33,1.0,0.00,189226.63,0.00,,Месторождение,12.57,209.52,127851.92,135685.74,0.0005,185,188809.40,39628.51,178439.26,141,0.00,46234.13,0.281361,0.718639
186,1e-05,0.1,,0.0,213.89,134063.78,130281.11,0.00,136611.00,1.0,0.00,189226.63,0.00,0.0,Месторождение,12.57,209.60,127851.92,135684.65,0.0005,186,188810.36,39628.51,,141,0.00,46232.91,0.281371,0.718629
187,0.0001,0.1,,0.0,213.97,134067.84,130281.11,0.00,136615.14,1.0,0.00,189226.63,0.00,,Месторождение,12.57,209.71,127851.92,135688.39,0.0005,187,188811.00,39628.51,,141,0.00,46236.33,0.281353,0.718647
188,0.0001,0.1,,0.0,213.95,134067.67,130281.11,0.00,136614.99,1.0,0.00,189226.63,0.00,0.0,Месторождение,12.57,209.67,127851.92,135688.27,0.0005,188,188810.86,39628.51,292742.20,141,0.00,46236.29,0.281353,0.718647
189,0.001,0.1,,0.0,213.97,134067.84,130281.11,0.00,136615.14,1.0,0.00,189226.63,0.00,,Месторождение,12.57,209.71,127851.92,135688.39,0.0005,189,188811.00,39628.51,,141,0.00,46236.33,0.281353,0.718647
190,0.001,0.1,,0.0,213.95,134067.67,130281.11,0.00,136614.99,1.0,0.00,189226.63,0.00,0.0,Месторождение,12.57,209.67,127851.92,135688.27,0.0005,190,188810.86,39628.51,292742.20,141,0.00,46236.29,0.281353,0.718647
191,1e-07,0.1,,0.0,213.44,134062.49,130281.11,0.00,136609.68,2.0,0.00,189226.63,0.00,,Месторождение,12.58,209.23,127851.92,135686.20,0.0005,191,188806.54,39628.51,-53683.27,141,0.00,46234.93,0.281348,0.718652
192,1e-07,0.1,,0.0,213.45,134062.10,130281.11,0.00,136609.29,2.0,0.00,189226.63,0.00,0.0,Месторождение,12.58,209.23,127851.92,135685.78,0.0005,192,188806.59,39628.51,-89718.42,141,0.00,46234.50,0.281350,0.718650
193,1e-06,0.1,,0.0,213.55,134059.34,130281.11,0.00,136606.46,2.0,0.00,189226.63,0.00,,Месторождение,12.57,209.29,127851.92,135682.25,0.0005,193,188807.46,39628.51,-251577.36,141,0.00,46231.15,0.281372,0.718628
194,1e-06,0.1,,0.0,213.58,134061.45,130281.11,0.00,136608.62,2.0,0.00,189226.63,0.00,0.0,Месторождение,12.57,209.33,127851.92,135684.27,0.0005,194,188807.69,39628.51,-572849.95,141,0.00,46232.90,0.281363,0.718637
195,1e-05,0.1,,0.0,214.03,134064.69,130281.11,0.00,136611.92,2.0,0.00,189226.63,0.00,,Месторождение,12.56,209.74,127851.92,135684.80,0.0005,195,188811.50,39628.51,-619919.99,141,0.00,46232.94,0.281374,0.718626
196,1e-05,0.1,,0.0,213.85,134063.46,130281.11,0.00,136610.66,2.0,0.00,189226.63,0.00,0.0,Месторождение,12.57,209.56,127851.92,135684.54,0.0005,196,188810.04,39628.51,,141,0.00,46232.87,0.281370,0.718630
197,0.0001,0.1,,0.0,214.04,134065.91,130281.11,0.00,136613.16,2.0,0.00,189226.63,0.00,,Месторождение,12.57,209.74,127851.92,135685.91,0.0005,197,188811.61,39628.51,,141,0.00,46234.12,0.281369,0.718631
198,0.0001,0.1,,0.0,214.09,134065.87,130281.11,0.00,136613.12,2.0,0.00,189226.63,0.00,0.0,Месторождение,12.56,209.79,127851.92,135685.56,0.0005,198,188812.06,39628.51,,141,0.00,46233.83,0.281372,0.718628
199,0.001,0.1,,0.0,214.04,134065.91,130281.11,0.00,136613.16,2.0,0.00,189226.63,0.00,,Месторождение,12.57,209.74,127851.92,135685.91,0.0005,199,188811.61,39628.51,,141,0.00,46234.12,0.281369,0.718631
200,0.001,0.1,,0.0,214.09,134065.87,130281.11,0.00,136613.12,2.0,0.00,189226.63,0.00,0.0,Месторождение,12.56,209.79,127851.92,135685.56,0.0005,200,188812.06,39628.51,,141,0.00,46233.83,0.281372,0.718628
201,1e-07,1e-05,-4286.98,0.0,213.43,134065.72,130281.11,0.00,136612.97,1.0,0.00,189226.63,0.00,,Месторождение,12.59,209.24,127851.92,135689.63,0.001,201,188806.40,39628.51,-73.73,141,0.00,46238.30,0.281329,0.718671
202,1e-07,1e-05,-4468.46,0.0,213.43,134065.72,130281.11,0.00,136612.97,1.0,0.00,189226.63,0.00,0.0,Месторождение,12.59,209.24,127851.92,135689.63,0.001,202,188806.40,39628.51,-71.06,141,0.00,46238.30,0.281329,0.718671
203,1e-06,1e-05,-4286.98,0.0,213.43,134065.72,130281.11,0.00,136612.97,1.0,0.00,189226.63,0.00,,Месторождение,12.59,209.24,127851.92,135689.63,0.001,203,188806.40,39628.51,-73.73,141,0.00,46238.30,0.281329,0.718671
204,1e-06,1e-05,-4468.46,0.0,213.43,134065.72,130281.11,0.00,136612.97,1.0,0.00,189226.63,0.00,0.0,Месторождение,12.59,209.24,127851.92,135689.63,0.001,204,188806.40,39628.51,-71.06,141,0.00,46238.30,0.281329,0.718671
205,1e-05,1e-05,-4286.98,0.0,213.43,134065.72,130281.11,0.00,136612.97,1.0,0.00,189226.63,0.00,,Месторождение,12.59,209.24,127851.92,135689.63,0.001,205,188806.40,39628.51,-73.73,141,0.00,46238.30,0.281329,0.718671
206,1e-05,1e-05,-4468.46,0.0,213.43,134065.72,130281.11,0.00,136612.97,1.0,0.00,189226.63,0.00,0.0,Месторождение,12.59,209.24,127851.92,135689.63,0.001,206,188806.40,39628.51,-71.06,141,0.00,46238.30,0.281329,0.718671
207,0.0001,1e-05,-4286.98,0.0,213.43,134065.72,130281.11,0.00,136612.97,1.0,0.00,189226.63,0.00,,Месторождение,12.59,209.24,127851.92,135689.63,0.001,207,188806.40,39628.51,-73.73,141,0.00,46238.30,0.281329,0.718671
208,0.0001,1e-05,-4468.46,0.0,213.43,134065.72,130281.11,0.00,136612.97,1.0,0.00,189226.63,0.00,0.0,Месторождение,12.59,209.24,127851.92,135689.63,0.001,208,188806.40,39628.51,-71.06,141,0.00,46238.30,0.281329,0.718671
209,0.001,1e-05,-4286.98,0.0,213.43,134065.72,130281.11,0.00,136612.97,1.0,0.00,189226.63,0.00,,Месторождение,12.59,209.24,127851.92,135689.63,0.001,209,188806.40,39628.51,-73.73,141,0.00,46238.30,0.281329,0.718671
210,0.001,1e-05,-4468.46,0.0,213.43,134065.72,130281.11,0.00,136612.97,1.0,0.00,189226.63,0.00,0.0,Месторождение,12.59,209.24,127851.92,135689.63,0.001,210,188806.40,39628.51,-71.06,141,0.00,46238.30,0.281329,0.718671
211,1e-07,1e-05,-4286.98,0.0,213.43,134065.72,130281.11,0.00,136612.97,2.0,0.00,189226.63,0.00,,Месторождение,12.59,209.24,127851.92,135689.63,0.001,211,188806.40,39628.51,-73.73,141,0.00,46238.30,0.281329,0.718671
212,1e-07,1e-05,-4468.46,0.0,213.43,134065.72,130281.11,0.00,136612.97,2.0,0.00,189226.63,0.00,0.0,Месторождение,12.59,209.24,127851.92,135689.63,0.001,212,188806.40,39628.51,-71.06,141,0.00,46238.30,0.281329,0.718671
213,1e-06,1e-05,-4286.98,0.0,213.43,134065.72,130281.11,0.00,136612.97,2.0,0.00,189226.63,0.00,,Месторождение,12.59,209.24,127851.92,135689.63,0.001,213,188806.40,39628.51,-73.73,141,0.00,46238.30,0.281329,0.718671
214,1e-06,1e-05,-4468.46,0.0,213.43,134065.72,130281.11,0.00,136612.97,2.0,0.00,189226.63,0.00,0.0,Месторождение,12.59,209.24,127851.92,135689.63,0.001,214,188806.40,39628.51,-71.06,141,0.00,46238.30,0.281329,0.718671
215,1e-05,1e-05,-4286.98,0.0,213.43,134065.72,130281.11,0.00,136612.97,2.0,0.00,189226.63,0.00,,Месторождение,12.59,209.24,127851.92,135689.63,0.001,215,188806.40,39628.51,-73.73,141,0.00,46238.30,0.281329,0.718671
216,1e-05,1e-05,-4468.46,0.0,213.43,134065.72,130281.11,0.00,136612.97,2.0,0.00,189226.63,0.00,0.0,Месторождение,12.59,209.24,127851.92,135689.63,0.001,216,188806.40,39628.51,-71.06,141,0.00,46238.30,0.281329,0.718671
217,0.0001,1e-05,-4286.98,0.0,213.43,134065.72,130281.11,0.00,136612.97,2.0,0.00,189226.63,0.00,,Месторождение,12.59,209.24,127851.92,135689.63,0.001,217,188806.40,39628.51,-73.73,141,0.00,46238.30,0.281329,0.718671
218,0.0001,1e-05,-4468.46,0.0,213.43,134065.72,130281.11,0.00,136612.97,2.0,0.00,189226.63,0.00,0.0,Месторождение,12.59,209.24,127851.92,135689.63,0.001,218,188806.40,39628.51,-71.06,141,0.00,46238.30,0.281329,0.718671
219,0.001,1e-05,-4286.98,0.0,213.43,134065.72,130281.11,0.00,136612.97,2.0,0.00,189226.63,0.00,,Месторождение,12.59,209.24,127851.92,135689.63,0.001,219,188806.40,39628.51,-73.73,141,0.00,46238.30,0.281329,0.718671
220,0.001,1e-05,-4468.46,0.0,213.43,134065.72,130281.11,0.00,136612.97,2.0,0.00,189226.63,0.00,0.0,Месторождение,12.59,209.24,127851.92,135689.63,0.001,220,188806.40,39628.51,-71.06,141,0.00,46238.30,0.281329,0.718671
221,1e-07,0.0001,-50290.11,0.0,213.42,134065.55,130281.11,0.00,136612.79,1.0,0.00,189226.63,0.00,,Месторождение,12.59,209.23,127851.92,135689.46,0.001,221,188806.39,39628.51,-11803.76,141,0.00,46238.14,0.281330,0.718670
222,1e-07,0.0001,-50290.11,0.0,213.42,134065.55,130281.11,0.00,136612.79,1.0,0.00,189226.63,0.00,0.0,Месторождение,12.59,209.23,127851.92,135689.46,0.001,222,188806.39,39628.51,-11803.76,141,0.00,46238.14,0.281330,0.718670
223,1e-06,0.0001,-61735.34,0.0,213.42,134065.56,130281.11,0.00,136612.80,1.0,0.00,189226.63,0.00,,Месторождение,12.59,209.23,127851.92,135689.47,0.001,223,188806.39,39628.51,-5030.01,141,0.00,46238.14,0.281330,0.718670
224,1e-06,0.0001,-61735.34,0.0,213.42,134065.56,130281.11,0.00,136612.80,1.0,0.00,189226.63,0.00,0.0,Месторождение,12.59,209.23,127851.92,135689.47,0.001,224,188806.39,39628.51,-5030.01,141,0.00,46238.14,0.281330,0.718670
225,1e-05,0.0001,-61735.34,0.0,213.42,134065.56,130281.11,0.00,136612.80,1.0,0.00,189226.63,0.00,,Месторождение,12.59,209.23,127851.92,135689.47,0.001,225,188806.39,39628.51,-5030.01,141,0.00,46238.14,0.281330,0.718670
226,1e-05,0.0001,-61735.34,0.0,213.42,134065.56,130281.11,0.00,136612.80,1.0,0.00,189226.63,0.00,0.0,Месторождение,12.59,209.23,127851.92,135689.47,0.001,226,188806.39,39628.51,-5030.01,141,0.00,46238.14,0.281330,0.718670
227,0.0001,0.0001,-61735.34,0.0,213.42,134065.56,130281.11,0.00,136612.80,1.0,0.00,189226.63,0.00,,Месторождение,12.59,209.23,127851.92,135689.47,0.001,227,188806.39,39628.51,-5030.01,141,0.00,46238.14,0.281330,0.718670
228,0.0001,0.0001,-61735.34,0.0,213.42,134065.56,130281.11,0.00,136612.80,1.0,0.00,189226.63,0.00,0.0,Месторождение,12.59,209.23,127851.92,135689.47,0.001,228,188806.39,39628.51,-5030.01,141,0.00,46238.14,0.281330,0.718670
229,0.001,0.0001,-61735.34,0.0,213.42,134065.56,130281.11,0.00,136612.80,1.0,0.00,189226.63,0.00,,Месторождение,12.59,209.23,127851.92,135689.47,0.001,229,188806.39,39628.51,-5030.01,141,0.00,46238.14,0.281330,0.718670
230,0.001,0.0001,-61735.34,0.0,213.42,134065.56,130281.11,0.00,136612.80,1.0,0.00,189226.63,0.00,0.0,Месторождение,12.59,209.23,127851.92,135689.47,0.001,230,188806.39,39628.51,-5030.01,141,0.00,46238.14,0.281330,0.718670
231,1e-07,0.0001,-50290.11,0.0,213.42,134065.55,130281.11,0.00,136612.79,2.0,0.00,189226.63,0.00,,Месторождение,12.59,209.23,127851.92,135689.46,0.001,231,188806.39,39628.51,-11803.76,141,0.00,46238.14,0.281330,0.718670
232,1e-07,0.0001,-50290.11,0.0,213.42,134065.55,130281.11,0.00,136612.79,2.0,0.00,189226.63,0.00,0.0,Месторождение,12.59,209.23,127851.92,135689.46,0.001,232,188806.39,39628.51,-11803.76,141,0.00,46238.14,0.281330,0.718670
233,1e-06,0.0001,-61735.34,0.0,213.42,134065.56,130281.11,0.00,136612.80,2.0,0.00,189226.63,0.00,,Месторождение,12.59,209.23,127851.92,135689.47,0.001,233,188806.39,39628.51,-5030.01,141,0.00,46238.14,0.281330,0.718670
234,1e-06,0.0001,-61735.34,0.0,213.42,134065.56,130281.11,0.00,136612.80,2.0,0.00,189226.63,0.00,0.0,Месторождение,12.59,209.23,127851.92,135689.47,0.001,234,188806.39,39628.51,-5030.01,141,0.00,46238.14,0.281330,0.718670
235,1e-05,0.0001,-61735.34,0.0,213.42,134065.56,130281.11,0.00,136612.80,2.0,0.00,189226.63,0.00,,Месторождение,12.59,209.23,127851.92,135689.47,0.001,235,188806.39,39628.51,-5030.01,141,0.00,46238.14,0.281330,0.718670
236,1e-05,0.0001,-61735.34,0.0,213.42,134065.56,130281.11,0.00,136612.80,2.0,0.00,189226.63,0.00,0.0,Месторождение,12.59,209.23,127851.92,135689.47,0.001,236,188806.39,39628.51,-5030.01,141,0.00,46238.14,0.281330,0.718670
237,0.0001,0.0001,-61735.34,0.0,213.42,134065.56,130281.11,0.00,136612.80,2.0,0.00,189226.63,0.00,,Месторождение,12.59,209.23,127851.92,135689.47,0.001,237,188806.39,39628.51,-5030.01,141,0.00,46238.14,0.281330,0.718670
238,0.0001,0.0001,-61735.34,0.0,213.42,134065.56,130281.11,0.00,136612.80,2.0,0.00,189226.63,0.00,0.0,Месторождение,12.59,209.23,127851.92,135689.47,0.001,238,188806.39,39628.51,-5030.01,141,0.00,46238.14,0.281330,0.718670
239,0.001,0.0001,-61735.34,0.0,213.42,134065.56,130281.11,0.00,136612.80,2.0,0.00,189226.63,0.00,,Месторождение,12.59,209.23,127851.92,135689.47,0.001,239,188806.39,39628.51,-5030.01,141,0.00,46238.14,0.281330,0.718670
240,0.001,0.0001,-61735.34,0.0,213.42,134065.56,130281.11,0.00,136612.80,2.0,0.00,189226.63,0.00,0.0,Месторождение,12.59,209.23,127851.92,135689.47,0.001,240,188806.39,39628.51,-5030.01,141,0.00,46238.14,0.281330,0.718670
241,1e-07,0.001,-651607.29,0.0,213.44,134062.81,130281.11,0.00,136610.01,1.0,0.00,189226.63,0.00,,Месторождение,12.58,209.24,127851.92,135686.56,0.001,241,188806.54,39628.51,-103882.00,141,0.00,46235.26,0.281346,0.718654
242,1e-07,0.001,-687872.64,0.0,213.44,134062.85,130281.11,0.00,136610.04,1.0,0.00,189226.63,0.00,0.0,Месторождение,12.58,209.23,127851.92,135686.60,0.001,242,188806.51,39628.51,-134282.19,141,0.00,46235.31,0.281346,0.718654
243,1e-06,0.001,,0.0,213.47,134062.95,130281.11,0.00,136610.14,1.0,0.00,189226.63,0.00,,Месторождение,12.58,209.26,127851.92,135686.53,0.001,243,188806.75,39628.51,-42487.99,141,0.00,46235.21,0.281347,0.718653
244,1e-06,0.001,,0.0,213.45,134061.29,130281.11,0.00,136608.45,1.0,0.00,189226.63,0.00,0.0,Месторождение,12.58,209.24,127851.92,135684.93,0.001,244,188806.63,39628.51,-144210.93,141,0.00,46233.65,0.281355,0.718645
245,1e-05,0.001,,0.0,213.44,134062.74,130281.11,0.00,136609.93,1.0,0.00,189226.63,0.00,,Месторождение,12.58,209.22,127851.92,135686.49,0.001,245,188806.48,39628.51,4418.04,141,0.00,46235.23,0.281346,0.718654
246,1e-05,0.001,,0.0,213.45,134061.62,130281.11,0.00,136608.79,1.0,0.00,189226.63,0.00,0.0,Месторождение,12.58,209.23,127851.92,135685.25,0.001,246,188806.62,39628.51,-92085.01,141,0.00,46233.99,0.281353,0.718647
247,0.0001,0.001,,0.0,213.44,134062.74,130281.11,0.00,136609.93,1.0,0.00,189226.63,0.00,,Месторождение,12.58,209.22,127851.92,135686.49,0.001,247,188806.48,39628.51,4418.04,141,0.00,46235.23,0.281346,0.718654
248,0.0001,0.001,,0.0,213.45,134061.62,130281.11,0.00,136608.79,1.0,0.00,189226.63,0.00,0.0,Месторождение,12.58,209.23,127851.92,135685.25,0.001,248,188806.62,39628.51,-92085.01,141,0.00,46233.99,0.281353,0.718647
249,0.001,0.001,,0.0,213.44,134062.74,130281.11,0.00,136609.93,1.0,0.00,189226.63,0.00,,Месторождение,12.58,209.22,127851.92,135686.49,0.001,249,188806.48,39628.51,4418.04,141,0.00,46235.23,0.281346,0.718654
250,0.001,0.001,,0.0,213.45,134061.62,130281.11,0.00,136608.79,1.0,0.00,189226.63,0.00,0.0,Месторождение,12.58,209.23,127851.92,135685.25,0.001,250,188806.62,39628.51,-92085.01,141,0.00,46233.99,0.281353,0.718647
251,1e-07,0.001,-609059.13,0.0,213.43,134061.99,130281.11,0.00,136609.17,2.0,0.00,189226.63,0.00,,Месторождение,12.58,209.23,127851.92,135685.76,0.001,251,188806.46,39628.51,-98971.97,141,0.00,46234.50,0.281350,0.718650
252,1e-07,0.001,-780778.19,0.0,213.44,134062.75,130281.11,0.00,136609.94,2.0,0.00,189226.63,0.00,0.0,Месторождение,12.58,209.23,127851.92,135686.52,0.001,252,188806.50,39628.51,-92142.63,141,0.00,46235.23,0.281346,0.718654
253,1e-06,0.001,,0.0,213.45,134060.43,130281.11,0.00,136607.57,2.0,0.00,189226.63,0.00,,Месторождение,12.58,209.23,127851.92,135684.07,0.001,253,188806.60,39628.51,-76869.01,141,0.00,46232.81,0.281359,0.718641
254,1e-06,0.001,,0.0,213.46,134061.48,130281.11,0.00,136608.65,2.0,0.00,189226.63,0.00,0.0,Месторождение,12.58,209.24,127851.92,135685.09,0.001,254,188806.66,39628.51,-176784.66,141,0.00,46233.89,0.281354,0.718646
255,1e-05,0.001,,0.0,213.46,134061.91,130281.11,0.00,136609.08,2.0,0.00,189226.63,0.00,,Месторождение,12.58,209.24,127851.92,135685.48,0.001,255,188806.72,39628.51,-101039.57,141,0.00,46234.19,0.281352,0.718648
256,1e-05,0.001,,0.0,213.46,134061.21,130281.11,0.00,136608.38,2.0,0.00,189226.63,0.00,0.0,Месторождение,12.58,209.23,127851.92,135684.79,0.001,256,188806.67,39628.51,-76886.51,141,0.00,46233.54,0.281356,0.718644
257,0.0001,0.001,,0.0,213.46,134061.91,130281.11,0.00,136609.08,2.0,0.00,189226.63,0.00,,Месторождение,12.58,209.24,127851.92,135685.48,0.001,257,188806.72,39628.51,-101039.57,141,0.00,46234.19,0.281352,0.718648
258,0.0001,0.001,,0.0,213.46,134061.21,130281.11,0.00,136608.38,2.0,0.00,189226.63,0.00,0.0,Месторождение,12.58,209.23,127851.92,135684.79,0.001,258,188806.67,39628.51,-76886.51,141,0.00,46233.54,0.281356,0.718644
259,0.001,0.001,,0.0,213.46,134061.91,130281.11,0.00,136609.08,2.0,0.00,189226.63,0.00,,Месторождение,12.58,209.24,127851.92,135685.48,0.001,259,188806.72,39628.51,-101039.57,141,0.00,46234.19,0.281352,0.718648
260,0.001,0.001,,0.0,213.46,134061.21,130281.11,0.00,136608.38,2.0,0.00,189226.63,0.00,0.0,Месторождение,12.58,209.23,127851.92,135684.79,0.001,260,188806.67,39628.51,-76886.51,141,0.00,46233.54,0.281356,0.718644
261,1e-07,0.01,,0.0,213.46,134063.92,130281.11,0.00,136611.13,1.0,0.00,189226.63,0.00,,Месторождение,12.58,209.25,127851.92,135687.55,0.001,261,188806.69,39628.51,-71177.29,141,0.00,46236.25,0.281341,0.718659
262,1e-07,0.01,,0.0,213.47,134062.91,130281.11,0.00,136610.10,1.0,0.00,189226.63,0.00,0.0,Месторождение,12.58,209.25,127851.92,135686.49,0.001,262,188806.74,39628.51,-48545.55,141,0.00,46235.17,0.281347,0.718653
263,1e-06,0.01,,0.0,213.71,134066.27,130281.11,0.00,136613.53,1.0,0.00,189226.63,0.00,,Месторождение,12.58,209.43,127851.92,135688.33,0.001,263,188808.78,39628.51,-60946.85,141,0.00,46236.72,0.281345,0.718655
264,1e-06,0.01,,0.0,213.68,134065.88,130281.11,0.00,136613.13,1.0,0.00,189226.63,0.00,0.0,Месторождение,12.58,209.41,127851.92,135688.11,0.001,264,188808.54,39628.51,-162530.30,141,0.00,46236.54,0.281346,0.718654
265,1e-05,0.01,,0.0,213.81,134067.52,130281.11,0.00,136614.80,1.0,0.00,189226.63,0.00,,Месторождение,12.58,209.53,127851.92,135688.95,0.001,265,188809.68,39628.51,-82459.44,141,0.00,46237.19,0.281345,0.718655
266,1e-05,0.01,,0.0,213.83,134067.88,130281.11,0.00,136615.17,1.0,0.00,189226.63,0.00,0.0,Месторождение,12.58,209.56,127851.92,135689.18,0.001,266,188809.87,39628.51,-460801.60,141,0.00,46237.38,0.281345,0.718655
267,0.0001,0.01,,0.0,213.86,134066.84,130281.11,0.00,136614.12,1.0,0.00,189226.63,0.00,,Месторождение,12.57,209.55,127851.92,135687.92,0.001,267,188810.07,39628.51,421906.95,141,0.00,46236.15,0.281352,0.718648
268,0.0001,0.01,,0.0,213.82,134066.73,130281.11,0.00,136614.00,1.0,0.00,189226.63,0.00,0.0,Месторождение,12.57,209.53,127851.92,135688.11,0.001,268,188809.70,39628.51,-56180.39,141,0.00,46236.36,0.281350,0.718650
269,0.001,0.01,,0.0,213.86,134066.84,130281.11,0.00,136614.12,1.0,0.00,189226.63,0.00,,Месторождение,12.57,209.55,127851.92,135687.92,0.001,269,188810.07,39628.51,421906.95,141,0.00,46236.15,0.281352,0.718648
270,0.001,0.01,,0.0,213.82,134066.73,130281.11,0.00,136614.00,1.0,0.00,189226.63,0.00,0.0,Месторождение,12.57,209.53,127851.92,135688.11,0.001,270,188809.70,39628.51,-56180.39,141,0.00,46236.36,0.281350,0.718650
271,1e-07,0.01,,0.0,213.45,134063.67,130281.11,0.00,136610.88,2.0,0.00,189226.63,0.00,,Месторождение,12.58,209.24,127851.92,135687.36,0.001,271,188806.59,39628.51,-86655.85,141,0.00,46236.06,0.281342,0.718658
272,1e-07,0.01,,0.0,213.46,134064.48,130281.11,0.00,136611.71,2.0,0.00,189226.63,0.00,0.0,Месторождение,12.58,209.26,127851.92,135688.12,0.001,272,188806.72,39628.51,-56379.44,141,0.00,46236.79,0.281338,0.718662
273,1e-06,0.01,,0.0,213.66,134062.47,130281.11,0.00,136609.69,2.0,0.00,189226.63,0.00,,Месторождение,12.57,209.38,127851.92,135684.77,0.001,273,188808.36,39628.51,-367822.00,141,0.00,46233.28,0.281363,0.718637
274,1e-06,0.01,,0.0,213.69,134063.63,130281.11,0.00,136610.84,2.0,0.00,189226.63,0.00,0.0,Месторождение,12.57,209.41,127851.92,135685.75,0.001,274,188808.65,39628.51,-477959.42,141,0.00,46234.20,0.281358,0.718642
275,1e-05,0.01,,0.0,213.86,134064.23,130281.11,0.00,136611.46,2.0,0.00,189226.63,0.00,,Месторождение,12.57,209.57,127851.92,135685.32,0.001,275,188810.09,39628.51,,141,0.00,46233.70,0.281366,0.718634
276,1e-05,0.01,,0.0,213.82,134064.04,130281.11,0.00,136611.26,2.0,0.00,189226.63,0.00,0.0,Месторождение,12.57,209.52,127851.92,135685.31,0.001,276,188809.76,39628.51,,141,0.00,46233.62,0.281365,0.718635
277,0.0001,0.01,,0.0,213.81,134062.52,130281.11,0.00,136609.71,2.0,0.00,189226.63,0.00,,Месторождение,12.57,209.50,127851.92,135683.85,0.001,277,188809.65,39628.51,,141,0.00,46232.47,0.281372,0.718628
278,0.0001,0.01,,0.0,213.77,134060.07,130281.11,0.00,136607.22,2.0,0.00,189226.63,0.00,0.0,Месторождение,12.56,209.45,127851.92,135681.59,0.001,278,188809.30,39628.51,,141,0.00,46230.13,0.281383,0.718617
279,0.001,0.01,,0.0,213.81,134062.52,130281.11,0.00,136609.71,2.0,0.00,189226.63,0.00,,Месторождение,12.57,209.50,127851.92,135683.85,0.001,279,188809.65,39628.51,,141,0.00,46232.47,0.281372,0.718628
280,0.001,0.01,,0.0,213.77,134060.07,130281.11,0.00,136607.22,2.0,0.00,189226.63,0.00,0.0,Месторождение,12.56,209.45,127851.92,135681.59,0.001,280,188809.30,39628.51,,141,0.00,46230.13,0.281383,0.718617
281,1e-07,0.1,,0.0,213.46,134063.92,130281.11,0.00,136611.13,1.0,0.00,189226.63,0.00,,Месторождение,12.58,209.25,127851.92,135687.55,0.001,281,188806.69,39628.51,-71177.29,141,0.00,46236.25,0.281341,0.718659
282,1e-07,0.1,,0.0,213.47,134062.91,130281.11,0.00,136610.10,1.0,0.00,189226.63,0.00,0.0,Месторождение,12.58,209.25,127851.92,135686.49,0.001,282,188806.74,39628.51,-48545.55,141,0.00,46235.17,0.281347,0.718653
283,1e-06,0.1,,0.0,213.73,134065.49,130281.11,0.00,136612.74,1.0,0.00,189226.63,0.00,,Месторождение,12.58,209.45,127851.92,135687.42,0.001,283,188808.95,39628.51,-202644.16,141,0.00,46235.81,0.281351,0.718649
284,1e-06,0.1,,0.0,213.79,134067.08,130281.11,0.00,136614.37,1.0,0.00,189226.63,0.00,0.0,Месторождение,12.58,209.52,127851.92,135688.62,0.001,284,188809.51,39628.51,-260053.98,141,0.00,46236.89,0.281346,0.718654
285,1e-05,0.1,,0.0,214.28,134074.17,130281.11,0.00,136621.61,1.0,0.00,189226.63,0.00,,Месторождение,12.57,209.94,127851.92,135692.77,0.001,285,188813.63,39628.51,-376986.17,141,0.00,46240.33,0.281340,0.718660
286,1e-05,0.1,,0.0,214.23,134072.25,130281.11,0.00,136619.62,1.0,0.00,189226.63,0.00,0.0,Месторождение,12.57,209.87,127851.92,135691.07,0.001,286,188813.23,39628.51,-389878.80,141,0.00,46238.78,0.281348,0.718652
287,0.0001,0.1,,0.0,214.42,134076.27,130281.11,0.00,136623.72,1.0,0.00,189226.63,0.00,,Месторождение,12.57,210.04,127851.92,135693.98,0.001,287,188814.82,39628.51,506900.06,141,0.00,46241.36,0.281338,0.718662
288,0.0001,0.1,,0.0,214.36,134075.40,130281.11,0.00,136622.84,1.0,0.00,189226.63,0.00,0.0,Месторождение,12.57,210.00,127851.92,135693.45,0.001,288,188814.37,39628.51,-486457.81,141,0.00,46240.88,0.281339,0.718661
289,0.001,0.1,,0.0,214.42,134076.27,130281.11,0.00,136623.72,1.0,0.00,189226.63,0.00,,Месторождение,12.57,210.04,127851.92,135693.98,0.001,289,188814.82,39628.51,506900.06,141,0.00,46241.36,0.281338,0.718662
290,0.001,0.1,,0.0,214.36,134075.40,130281.11,0.00,136622.84,1.0,0.00,189226.63,0.00,0.0,Месторождение,12.57,210.00,127851.92,135693.45,0.001,290,188814.37,39628.51,-486457.81,141,0.00,46240.88,0.281339,0.718661
291,1e-07,0.1,,0.0,213.45,134063.67,130281.11,0.00,136610.88,2.0,0.00,189226.63,0.00,,Месторождение,12.58,209.24,127851.92,135687.36,0.001,291,188806.59,39628.51,-86655.85,141,0.00,46236.06,0.281342,0.718658
292,1e-07,0.1,,0.0,213.46,134064.48,130281.11,0.00,136611.71,2.0,0.00,189226.63,0.00,0.0,Месторождение,12.58,209.26,127851.92,135688.12,0.001,292,188806.72,39628.51,-56379.44,141,0.00,46236.79,0.281338,0.718662
293,1e-06,0.1,,0.0,213.67,134064.12,130281.11,0.00,136611.38,2.0,0.00,189226.63,0.00,,Месторождение,12.58,209.40,127851.92,135686.36,0.001,293,188808.49,39628.51,-465503.52,141,0.00,46234.84,0.281355,0.718645
294,1e-06,0.1,,0.0,213.70,134063.79,130281.11,0.00,136611.00,2.0,0.00,189226.63,0.00,0.0,Месторождение,12.57,209.42,127851.92,135685.82,0.001,294,188808.75,39628.51,-794822.23,141,0.00,46234.27,0.281358,0.718642
295,1e-05,0.1,,0.0,214.34,134072.97,130281.11,0.00,136620.36,2.0,0.00,189226.63,0.00,,Месторождение,12.57,209.98,127851.92,135691.15,0.001,295,188814.14,39628.51,,141,0.00,46238.83,0.281351,0.718649
296,1e-05,0.1,,0.0,214.33,134071.93,130281.11,0.00,136619.30,2.0,0.00,189226.63,0.00,0.0,Месторождение,12.56,209.93,127851.92,135690.09,0.001,296,188814.04,39628.51,,141,0.00,46237.93,0.281356,0.718644
297,0.0001,0.1,,0.0,214.49,134075.17,130281.11,0.00,136622.60,2.0,0.00,189226.63,0.00,,Месторождение,12.56,210.09,127851.92,135692.36,0.001,297,188815.45,39628.51,,141,0.00,46239.76,0.281349,0.718651
298,0.0001,0.1,,0.0,214.39,134074.92,130281.11,0.00,136622.35,2.0,0.00,189226.63,0.00,0.0,Месторождение,12.57,210.02,127851.92,135692.78,0.001,298,188814.61,39628.51,,141,0.00,46240.24,0.281344,0.718656
299,0.001,0.1,,0.0,214.49,134075.17,130281.11,0.00,136622.60,2.0,0.00,189226.63,0.00,,Месторождение,12.56,210.09,127851.92,135692.36,0.001,299,188815.45,39628.51,,141,0.00,46239.76,0.281349,0.718651
300,0.001,0.1,,0.0,214.39,134074.92,130281.11,0.00,136622.35,2.0,0.00,189226.63,0.00,0.0,Месторождение,12.57,210.02,127851.92,135692.78,0.001,300,188814.61,39628.51,,141,0.00,46240.24,0.281344,0.718656
301,1e-07,1e-05,-10367.73,0.0,213.43,134065.91,130281.11,0.00,136613.16,1.0,0.00,189226.63,0.00,,Месторождение,12.59,209.24,127851.92,135689.80,0.003,301,188806.44,39628.51,-363.75,141,0.00,46238.46,0.281329,0.718671
302,1e-07,1e-05,-10454.45,0.0,213.43,134065.91,130281.11,0.00,136613.16,1.0,0.00,189226.63,0.00,0.0,Месторождение,12.59,209.24,127851.92,135689.80,0.003,302,188806.44,39628.51,-249.76,141,0.00,46238.46,0.281329,0.718671
303,1e-06,1e-05,-10367.73,0.0,213.43,134065.91,130281.11,0.00,136613.16,1.0,0.00,189226.63,0.00,,Месторождение,12.59,209.24,127851.92,135689.80,0.003,303,188806.44,39628.51,-363.75,141,0.00,46238.46,0.281329,0.718671
304,1e-06,1e-05,-10454.45,0.0,213.43,134065.91,130281.11,0.00,136613.16,1.0,0.00,189226.63,0.00,0.0,Месторождение,12.59,209.24,127851.92,135689.80,0.003,304,188806.44,39628.51,-249.76,141,0.00,46238.46,0.281329,0.718671
305,1e-05,1e-05,-10367.73,0.0,213.43,134065.91,130281.11,0.00,136613.16,1.0,0.00,189226.63,0.00,,Месторождение,12.59,209.24,127851.92,135689.80,0.003,305,188806.44,39628.51,-363.75,141,0.00,46238.46,0.281329,0.718671
306,1e-05,1e-05,-10454.45,0.0,213.43,134065.91,130281.11,0.00,136613.16,1.0,0.00,189226.63,0.00,0.0,Месторождение,12.59,209.24,127851.92,135689.80,0.003,306,188806.44,39628.51,-249.76,141,0.00,46238.46,0.281329,0.718671
307,0.0001,1e-05,-10367.73,0.0,213.43,134065.91,130281.11,0.00,136613.16,1.0,0.00,189226.63,0.00,,Месторождение,12.59,209.24,127851.92,135689.80,0.003,307,188806.44,39628.51,-363.75,141,0.00,46238.46,0.281329,0.718671
308,0.0001,1e-05,-10454.45,0.0,213.43,134065.91,130281.11,0.00,136613.16,1.0,0.00,189226.63,0.00,0.0,Месторождение,12.59,209.24,127851.92,135689.80,0.003,308,188806.44,39628.51,-249.76,141,0.00,46238.46,0.281329,0.718671
309,0.001,1e-05,-10367.73,0.0,213.43,134065.91,130281.11,0.00,136613.16,1.0,0.00,189226.63,0.00,,Месторождение,12.59,209.24,127851.92,135689.80,0.003,309,188806.44,39628.51,-363.75,141,0.00,46238.46,0.281329,0.718671
310,0.001,1e-05,-10454.45,0.0,213.43,134065.91,130281.11,0.00,136613.16,1.0,0.00,189226.63,0.00,0.0,Месторождение,12.59,209.24,127851.92,135689.80,0.003,310,188806.44,39628.51,-249.76,141,0.00,46238.46,0.281329,0.718671
311,1e-07,1e-05,-10367.73,0.0,213.43,134065.91,130281.11,0.00,136613.16,2.0,0.00,189226.63,0.00,,Месторождение,12.59,209.24,127851.92,135689.80,0.003,311,188806.44,39628.51,-363.75,141,0.00,46238.46,0.281329,0.718671
312,1e-07,1e-05,-10454.45,0.0,213.43,134065.91,130281.11,0.00,136613.16,2.0,0.00,189226.63,0.00,0.0,Месторождение,12.59,209.24,127851.92,135689.80,0.003,312,188806.44,39628.51,-249.76,141,0.00,46238.46,0.281329,0.718671
313,1e-06,1e-05,-10367.73,0.0,213.43,134065.91,130281.11,0.00,136613.16,2.0,0.00,189226.63,0.00,,Месторождение,12.59,209.24,127851.92,135689.80,0.003,313,188806.44,39628.51,-363.75,141,0.00,46238.46,0.281329,0.718671
314,1e-06,1e-05,-10454.45,0.0,213.43,134065.91,130281.11,0.00,136613.16,2.0,0.00,189226.63,0.00,0.0,Месторождение,12.59,209.24,127851.92,135689.80,0.003,314,188806.44,39628.51,-249.76,141,0.00,46238.46,0.281329,0.718671
315,1e-05,1e-05,-10367.73,0.0,213.43,134065.91,130281.11,0.00,136613.16,2.0,0.00,189226.63,0.00,,Месторождение,12.59,209.24,127851.92,135689.80,0.003,315,188806.44,39628.51,-363.75,141,0.00,46238.46,0.281329,0.718671
316,1e-05,1e-05,-10454.45,0.0,213.43,134065.91,130281.11,0.00,136613.16,2.0,0.00,189226.63,0.00,0.0,Месторождение,12.59,209.24,127851.92,135689.80,0.003,316,188806.44,39628.51,-249.76,141,0.00,46238.46,0.281329,0.718671
317,0.0001,1e-05,-10367.73,0.0,213.43,134065.91,130281.11,0.00,136613.16,2.0,0.00,189226.63,0.00,,Месторождение,12.59,209.24,127851.92,135689.80,0.003,317,188806.44,39628.51,-363.75,141,0.00,46238.46,0.281329,0.718671
318,0.0001,1e-05,-10454.45,0.0,213.43,134065.91,130281.11,0.00,136613.16,2.0,0.00,189226.63,0.00,0.0,Месторождение,12.59,209.24,127851.92,135689.80,0.003,318,188806.44,39628.51,-249.76,141,0.00,46238.46,0.281329,0.718671
319,0.001,1e-05,-10367.73,0.0,213.43,134065.91,130281.11,0.00,136613.16,2.0,0.00,189226.63,0.00,,Месторождение,12.59,209.24,127851.92,135689.80,0.003,319,188806.44,39628.51,-363.75,141,0.00,46238.46,0.281329,0.718671
320,0.001,1e-05,-10454.45,0.0,213.43,134065.91,130281.11,0.00,136613.16,2.0,0.00,189226.63,0.00,0.0,Месторождение,12.59,209.24,127851.92,135689.80,0.003,320,188806.44,39628.51,-249.76,141,0.00,46238.46,0.281329,0.718671
321,1e-07,0.0001,-163076.69,0.0,213.43,134065.59,130281.11,0.00,136612.84,1.0,0.00,189226.63,0.00,,Месторождение,12.59,209.24,127851.92,135689.49,0.003,321,188806.41,39628.51,-5402.78,141,0.00,46238.16,0.281330,0.718670
322,1e-07,0.0001,-163076.69,0.0,213.43,134065.59,130281.11,0.00,136612.84,1.0,0.00,189226.63,0.00,0.0,Месторождение,12.59,209.24,127851.92,135689.49,0.003,322,188806.41,39628.51,-5402.78,141,0.00,46238.16,0.281330,0.718670
323,1e-06,0.0001,-166210.15,0.0,213.43,134065.59,130281.11,0.00,136612.84,1.0,0.00,189226.63,0.00,,Месторождение,12.59,209.24,127851.92,135689.49,0.003,323,188806.41,39628.51,-10366.40,141,0.00,46238.16,0.281330,0.718670
324,1e-06,0.0001,-166210.15,0.0,213.43,134065.59,130281.11,0.00,136612.84,1.0,0.00,189226.63,0.00,0.0,Месторождение,12.59,209.24,127851.92,135689.49,0.003,324,188806.41,39628.51,-10366.40,141,0.00,46238.16,0.281330,0.718670
325,1e-05,0.0001,-166210.15,0.0,213.43,134065.59,130281.11,0.00,136612.84,1.0,0.00,189226.63,0.00,,Месторождение,12.59,209.24,127851.92,135689.49,0.003,325,188806.41,39628.51,-10366.40,141,0.00,46238.16,0.281330,0.718670
326,1e-05,0.0001,-166210.15,0.0,213.43,134065.59,130281.11,0.00,136612.84,1.0,0.00,189226.63,0.00,0.0,Месторождение,12.59,209.24,127851.92,135689.49,0.003,326,188806.41,39628.51,-10366.40,141,0.00,46238.16,0.281330,0.718670
327,0.0001,0.0001,-166210.15,0.0,213.43,134065.59,130281.11,0.00,136612.84,1.0,0.00,189226.63,0.00,,Месторождение,12.59,209.24,127851.92,135689.49,0.003,327,188806.41,39628.51,-10366.40,141,0.00,46238.16,0.281330,0.718670
328,0.0001,0.0001,-166210.15,0.0,213.43,134065.59,130281.11,0.00,136612.84,1.0,0.00,189226.63,0.00,0.0,Месторождение,12.59,209.24,127851.92,135689.49,0.003,328,188806.41,39628.51,-10366.40,141,0.00,46238.16,0.281330,0.718670
329,0.001,0.0001,-166210.15,0.0,213.43,134065.59,130281.11,0.00,136612.84,1.0,0.00,189226.63,0.00,,Месторождение,12.59,209.24,127851.92,135689.49,0.003,329,188806.41,39628.51,-10366.40,141,0.00,46238.16,0.281330,0.718670
330,0.001,0.0001,-166210.15,0.0,213.43,134065.59,130281.11,0.00,136612.84,1.0,0.00,189226.63,0.00,0.0,Месторождение,12.59,209.24,127851.92,135689.49,0.003,330,188806.41,39628.51,-10366.40,141,0.00,46238.16,0.281330,0.718670
331,1e-07,0.0001,-163076.69,0.0,213.43,134065.59,130281.11,0.00,136612.84,2.0,0.00,189226.63,0.00,,Месторождение,12.59,209.24,127851.92,135689.49,0.003,331,188806.41,39628.51,-5402.78,141,0.00,46238.16,0.281330,0.718670
332,1e-07,0.0001,-163076.69,0.0,213.43,134065.59,130281.11,0.00,136612.84,2.0,0.00,189226.63,0.00,0.0,Месторождение,12.59,209.24,127851.92,135689.49,0.003,332,188806.41,39628.51,-5402.78,141,0.00,46238.16,0.281330,0.718670
333,1e-06,0.0001,-166210.15,0.0,213.43,134065.59,130281.11,0.00,136612.84,2.0,0.00,189226.63,0.00,,Месторождение,12.59,209.24,127851.92,135689.49,0.003,333,188806.41,39628.51,-10366.40,141,0.00,46238.16,0.281330,0.718670
334,1e-06,0.0001,-166210.15,0.0,213.43,134065.59,130281.11,0.00,136612.84,2.0,0.00,189226.63,0.00,0.0,Месторождение,12.59,209.24,127851.92,135689.49,0.003,334,188806.41,39628.51,-10366.40,141,0.00,46238.16,0.281330,0.718670
335,1e-05,0.0001,-166210.15,0.0,213.43,134065.59,130281.11,0.00,136612.84,2.0,0.00,189226.63,0.00,,Месторождение,12.59,209.24,127851.92,135689.49,0.003,335,188806.41,39628.51,-10366.40,141,0.00,46238.16,0.281330,0.718670
336,1e-05,0.0001,-166210.15,0.0,213.43,134065.59,130281.11,0.00,136612.84,2.0,0.00,189226.63,0.00,0.0,Месторождение,12.59,209.24,127851.92,135689.49,0.003,336,188806.41,39628.51,-10366.40,141,0.00,46238.16,0.281330,0.718670
337,0.0001,0.0001,-166210.15,0.0,213.43,134065.59,130281.11,0.00,136612.84,2.0,0.00,189226.63,0.00,,Месторождение,12.59,209.24,127851.92,135689.49,0.003,337,188806.41,39628.51,-10366.40,141,0.00,46238.16,0.281330,0.718670
338,0.0001,0.0001,-166210.15,0.0,213.43,134065.59,130281.11,0.00,136612.84,2.0,0.00,189226.63,0.00,0.0,Месторождение,12.59,209.24,127851.92,135689.49,0.003,338,188806.41,39628.51,-10366.40,141,0.00,46238.16,0.281330,0.718670
339,0.001,0.0001,-166210.15,0.0,213.43,134065.59,130281.11,0.00,136612.84,2.0,0.00,189226.63,0.00,,Месторождение,12.59,209.24,127851.92,135689.49,0.003,339,188806.41,39628.51,-10366.40,141,0.00,46238.16,0.281330,0.718670
340,0.001,0.0001,-166210.15,0.0,213.43,134065.59,130281.11,0.00,136612.84,2.0,0.00,189226.63,0.00,0.0,Месторождение,12.59,209.24,127851.92,135689.49,0.003,340,188806.41,39628.51,-10366.40,141,0.00,46238.16,0.281330,0.718670
341,1e-07,0.001,,0.0,213.45,134064.17,130281.11,0.00,136611.39,1.0,0.00,189226.63,0.00,,Месторождение,12.58,209.25,127851.92,135687.91,0.003,341,188806.58,39628.51,-57758.94,141,0.00,46236.63,0.281339,0.718661
342,1e-07,0.001,,0.0,213.44,134063.79,130281.11,0.00,136611.00,1.0,0.00,189226.63,0.00,0.0,Месторождение,12.58,209.24,127851.92,135687.54,0.003,342,188806.55,39628.51,-62020.88,141,0.00,46236.22,0.281341,0.718659
343,1e-06,0.001,,0.0,213.57,134064.32,130281.11,0.00,136611.54,1.0,0.00,189226.63,0.00,,Месторождение,12.58,209.32,127851.92,135687.27,0.003,343,188807.58,39628.51,-132636.71,141,0.00,46235.84,0.281346,0.718654
344,1e-06,0.001,,0.0,213.53,134063.10,130281.11,0.00,136610.30,1.0,0.00,189226.63,0.00,0.0,Месторождение,12.58,209.28,127851.92,135686.28,0.003,344,188807.24,39628.51,-37033.21,141,0.00,46234.93,0.281350,0.718650
345,1e-05,0.001,,0.0,213.61,134065.27,130281.11,0.00,136612.51,1.0,0.00,189226.63,0.00,,Месторождение,12.58,209.37,127851.92,135688.00,0.003,345,188807.92,39628.51,-95921.15,141,0.00,46236.50,0.281344,0.718656
346,1e-05,0.001,,0.0,213.58,134064.59,130281.11,0.00,136611.82,1.0,0.00,189226.63,0.00,0.0,Месторождение,12.58,209.35,127851.92,135687.50,0.003,346,188807.68,39628.51,-184656.40,141,0.00,46236.04,0.281345,0.718655
347,0.0001,0.001,,0.0,213.61,134065.27,130281.11,0.00,136612.51,1.0,0.00,189226.63,0.00,,Месторождение,12.58,209.37,127851.92,135688.00,0.003,347,188807.92,39628.51,-95921.15,141,0.00,46236.50,0.281344,0.718656
348,0.0001,0.001,,0.0,213.58,134064.59,130281.11,0.00,136611.82,1.0,0.00,189226.63,0.00,0.0,Месторождение,12.58,209.35,127851.92,135687.50,0.003,348,188807.68,39628.51,-184656.40,141,0.00,46236.04,0.281345,0.718655
349,0.001,0.001,,0.0,213.61,134065.27,130281.11,0.00,136612.51,1.0,0.00,189226.63,0.00,,Месторождение,12.58,209.37,127851.92,135688.00,0.003,349,188807.92,39628.51,-95921.15,141,0.00,46236.50,0.281344,0.718656
350,0.001,0.001,,0.0,213.58,134064.59,130281.11,0.00,136611.82,1.0,0.00,189226.63,0.00,0.0,Месторождение,12.58,209.35,127851.92,135687.50,0.003,350,188807.68,39628.51,-184656.40,141,0.00,46236.04,0.281345,0.718655
351,1e-07,0.001,,0.0,213.44,134063.38,130281.11,0.00,136610.59,2.0,0.00,189226.63,0.00,,Месторождение,12.58,209.24,127851.92,135687.12,0.003,351,188806.55,39628.51,-56545.48,141,0.00,46235.82,0.281343,0.718657
352,1e-07,0.001,,0.0,213.45,134063.81,130281.11,0.00,136611.02,2.0,0.00,189226.63,0.00,0.0,Месторождение,12.58,209.25,127851.92,135687.49,0.003,352,188806.64,39628.51,-71149.82,141,0.00,46236.17,0.281342,0.718658
353,1e-06,0.001,,0.0,213.55,134064.01,130281.11,0.00,136611.23,2.0,0.00,189226.63,0.00,,Месторождение,12.58,209.32,127851.92,135687.08,0.003,353,188807.43,39628.51,-123101.55,141,0.00,46235.68,0.281347,0.718653
354,1e-06,0.001,,0.0,213.53,134064.05,130281.11,0.00,136611.26,2.0,0.00,189226.63,0.00,0.0,Месторождение,12.58,209.30,127851.92,135687.21,0.003,354,188807.30,39628.51,-55874.26,141,0.00,46235.82,0.281346,0.718654
355,1e-05,0.001,,0.0,213.61,134065.38,130281.11,0.00,136612.63,2.0,0.00,189226.63,0.00,,Месторождение,12.58,209.37,127851.92,135688.08,0.003,355,188807.96,39628.51,-41131.98,141,0.00,46236.57,0.281343,0.718657
356,1e-05,0.001,,0.0,213.59,134064.59,130281.11,0.00,136611.82,2.0,0.00,189226.63,0.00,0.0,Месторождение,12.58,209.35,127851.92,135687.41,0.003,356,188807.77,39628.51,-126209.31,141,0.00,46235.94,0.281346,0.718654
357,0.0001,0.001,,0.0,213.61,134065.38,130281.11,0.00,136612.63,2.0,0.00,189226.63,0.00,,Месторождение,12.58,209.37,127851.92,135688.08,0.003,357,188807.96,39628.51,-41131.98,141,0.00,46236.57,0.281343,0.718657
358,0.0001,0.001,,0.0,213.59,134064.59,130281.11,0.00,136611.82,2.0,0.00,189226.63,0.00,0.0,Месторождение,12.58,209.35,127851.92,135687.41,0.003,358,188807.77,39628.51,-126209.31,141,0.00,46235.94,0.281346,0.718654
359,0.001,0.001,,0.0,213.61,134065.38,130281.11,0.00,136612.63,2.0,0.00,189226.63,0.00,,Месторождение,12.58,209.37,127851.92,135688.08,0.003,359,188807.96,39628.51,-41131.98,141,0.00,46236.57,0.281343,0.718657
360,0.001,0.001,,0.0,213.59,134064.59,130281.11,0.00,136611.82,2.0,0.00,189226.63,0.00,0.0,Месторождение,12.58,209.35,127851.92,135687.41,0.003,360,188807.77,39628.51,-126209.31,141,0.00,46235.94,0.281346,0.718654
361,1e-07,0.01,,0.0,213.45,134064.52,130281.11,0.00,136611.74,1.0,0.00,189226.63,0.00,,Месторождение,12.58,209.24,127851.92,135688.25,0.003,361,188806.59,39628.51,-75022.30,141,0.00,46236.93,0.281337,0.718663
362,1e-07,0.01,,0.0,213.45,134063.80,130281.11,0.00,136611.01,1.0,0.00,189226.63,0.00,0.0,Месторождение,12.58,209.23,127851.92,135687.49,0.003,362,188806.58,39628.51,-92753.73,141,0.00,46236.20,0.281341,0.718659
363,1e-06,0.01,,0.0,213.96,134071.99,130281.11,0.00,136619.35,1.0,0.00,189226.63,0.00,,Месторождение,12.58,209.66,127851.92,135692.55,0.003,363,188810.92,39628.51,-630055.10,141,0.00,46240.54,0.281331,0.718669
364,1e-06,0.01,,0.0,213.98,134072.79,130281.11,0.00,136620.17,1.0,0.00,189226.63,0.00,0.0,Месторождение,12.58,209.67,127851.92,135693.21,0.003,364,188811.11,39628.51,-611787.37,141,0.00,46241.20,0.281328,0.718672
365,1e-05,0.01,,0.0,214.63,134084.45,130281.11,0.00,136632.06,1.0,0.00,189226.63,0.00,,Месторождение,12.57,210.20,127851.92,135700.88,0.003,365,188816.62,39628.51,,141,0.00,46247.95,0.281309,0.718691
366,1e-05,0.01,,0.0,214.64,134085.50,130281.11,0.00,136633.12,1.0,0.00,189226.63,0.00,0.0,Месторождение,12.58,210.17,127851.92,135701.75,0.003,366,188816.74,39628.51,-511733.75,141,0.00,46248.89,0.281304,0.718696
367,0.0001,0.01,,0.0,214.69,134086.21,130281.11,0.00,136633.84,1.0,0.00,189226.63,0.00,,Месторождение,12.57,210.26,127851.92,135702.27,0.003,367,188817.15,39628.51,-325845.65,141,0.00,46249.28,0.281303,0.718697
368,0.0001,0.01,,0.0,214.61,134082.88,130281.11,0.00,136630.46,1.0,0.00,189226.63,0.00,0.0,Месторождение,12.57,210.18,127851.92,135699.41,0.003,368,188816.45,39628.51,,141,0.00,46246.54,0.281316,0.718684
369,0.001,0.01,,0.0,214.69,134086.21,130281.11,0.00,136633.84,1.0,0.00,189226.63,0.00,,Месторождение,12.57,210.26,127851.92,135702.27,0.003,369,188817.15,39628.51,-325845.65,141,0.00,46249.28,0.281303,0.718697
370,0.001,0.01,,0.0,214.61,134082.88,130281.11,0.00,136630.46,1.0,0.00,189226.63,0.00,0.0,Месторождение,12.57,210.18,127851.92,135699.41,0.003,370,188816.45,39628.51,,141,0.00,46246.54,0.281316,0.718684
371,1e-07,0.01,,0.0,213.44,134063.27,130281.11,0.00,136610.47,2.0,0.00,189226.63,0.00,,Месторождение,12.58,209.23,127851.92,135686.98,0.003,371,188806.55,39628.51,-58301.22,141,0.00,46235.70,0.281344,0.718656
372,1e-07,0.01,,0.0,213.47,134064.37,130281.11,0.00,136611.60,2.0,0.00,189226.63,0.00,0.0,Месторождение,12.58,209.25,127851.92,135687.98,0.003,372,188806.74,39628.51,-92021.02,141,0.00,46236.64,0.281339,0.718661
373,1e-06,0.01,,0.0,214.02,134073.32,130281.11,0.00,136620.71,2.0,0.00,189226.63,0.00,,Месторождение,12.58,209.70,127851.92,135693.53,0.003,373,188811.40,39628.51,,141,0.00,46241.44,0.281328,0.718672
374,1e-06,0.01,,0.0,213.97,134071.74,130281.11,0.00,136619.10,2.0,0.00,189226.63,0.00,0.0,Месторождение,12.58,209.65,127851.92,135692.20,0.003,374,188811.00,39628.51,,141,0.00,46240.23,0.281333,0.718667
375,1e-05,0.01,,0.0,214.65,134082.89,130281.11,0.00,136630.47,2.0,0.00,189226.63,0.00,,Месторождение,12.57,210.23,127851.92,135699.17,0.003,375,188816.81,39628.51,,141,0.00,46246.55,0.281318,0.718682
376,1e-05,0.01,,0.0,214.68,134082.38,130281.11,0.00,136629.95,2.0,0.00,189226.63,0.00,0.0,Месторождение,12.57,210.22,127851.92,135698.42,0.003,376,188817.03,39628.51,,141,0.00,46245.70,0.281323,0.718677
377,0.0001,0.01,,0.0,214.68,134083.13,130281.11,0.00,136630.71,2.0,0.00,189226.63,0.00,,Месторождение,12.57,210.25,127851.92,135699.23,0.003,377,188817.04,39628.51,,141,0.00,46246.40,0.281319,0.718681
378,0.0001,0.01,,0.0,214.67,134082.00,130281.11,0.00,136629.56,2.0,0.00,189226.63,0.00,0.0,Месторождение,12.57,210.23,127851.92,135698.13,0.003,378,188816.97,39628.51,,141,0.00,46245.19,0.281325,0.718675
379,0.001,0.01,,0.0,214.68,134083.13,130281.11,0.00,136630.71,2.0,0.00,189226.63,0.00,,Месторождение,12.57,210.25,127851.92,135699.23,0.003,379,188817.04,39628.51,,141,0.00,46246.40,0.281319,0.718681
380,0.001,0.01,,0.0,214.67,134082.00,130281.11,0.00,136629.56,2.0,0.00,189226.63,0.00,0.0,Месторождение,12.57,210.23,127851.92,135698.13,0.003,380,188816.97,39628.51,,141,0.00,46245.19,0.281325,0.718675
381,1e-07,0.1,,0.0,213.45,134064.52,130281.11,0.00,136611.74,1.0,0.00,189226.63,0.00,,Месторождение,12.58,209.24,127851.92,135688.25,0.003,381,188806.59,39628.51,-75022.30,141,0.00,46236.93,0.281337,0.718663
382,1e-07,0.1,,0.0,213.45,134063.80,130281.11,0.00,136611.01,1.0,0.00,189226.63,0.00,0.0,Месторождение,12.58,209.23,127851.92,135687.49,0.003,382,188806.58,39628.51,-92753.73,141,0.00,46236.20,0.281341,0.718659
383,1e-06,0.1,,0.0,213.95,134072.50,130281.11,0.00,136619.88,1.0,0.00,189226.63,0.00,,Месторождение,12.58,209.63,127851.92,135693.08,0.003,383,188810.85,39628.51,-795224.43,141,0.00,46241.13,0.281328,0.718672
384,1e-06,0.1,,0.0,214.01,134074.07,130281.11,0.00,136621.49,1.0,0.00,189226.63,0.00,0.0,Месторождение,12.58,209.70,127851.92,135694.37,0.003,384,188811.33,39628.51,-698986.28,141,0.00,46242.28,0.281323,0.718677
385,1e-05,0.1,,0.0,214.99,134088.18,130281.11,0.00,136635.86,1.0,0.00,189226.63,0.00,,Месторождение,12.57,210.49,127851.92,135702.33,0.003,385,188819.70,39628.51,,141,0.00,46248.90,0.281313,0.718687
386,1e-05,0.1,,0.0,215.18,134093.44,130281.11,0.00,136641.21,1.0,0.00,189226.63,0.00,0.0,Месторождение,12.57,210.61,127851.92,135706.36,0.003,386,188821.30,39628.51,,141,0.00,46252.76,0.281297,0.718703
387,0.0001,0.1,,0.0,215.60,134100.96,130281.11,0.00,136648.96,1.0,0.00,189226.63,0.00,,Месторождение,12.57,210.93,127851.92,135711.28,0.003,387,188824.83,39628.51,,141,0.00,46257.10,0.281285,0.718715
388,0.0001,0.1,,0.0,215.54,134099.69,130281.11,0.00,136647.59,1.0,0.00,189226.63,0.00,0.0,Месторождение,12.57,210.99,127851.92,135710.58,0.003,388,188824.37,39628.51,,141,0.00,46256.39,0.281287,0.718713
389,0.001,0.1,,0.0,215.60,134100.96,130281.11,0.00,136648.96,1.0,0.00,189226.63,0.00,,Месторождение,12.57,210.93,127851.92,135711.28,0.003,389,188824.83,39628.51,,141,0.00,46257.10,0.281285,0.718715
390,0.001,0.1,,0.0,215.54,134099.69,130281.11,0.00,136647.59,1.0,0.00,189226.63,0.00,0.0,Месторождение,12.57,210.99,127851.92,135710.58,0.003,390,188824.37,39628.51,,141,0.00,46256.39,0.281287,0.718713
391,1e-07,0.1,,0.0,213.44,134063.27,130281.11,0.00,136610.47,2.0,0.00,189226.63,0.00,,Месторождение,12.58,209.23,127851.92,135686.98,0.003,391,188806.55,39628.51,-58301.22,141,0.00,46235.70,0.281344,0.718656
392,1e-07,0.1,,0.0,213.47,134064.37,130281.11,0.00,136611.60,2.0,0.00,189226.63,0.00,0.0,Месторождение,12.58,209.25,127851.92,135687.98,0.003,392,188806.74,39628.51,-92021.02,141,0.00,46236.64,0.281339,0.718661
393,1e-06,0.1,,0.0,214.01,134072.31,130281.11,0.00,136619.69,2.0,0.00,189226.63,0.00,,Месторождение,12.58,209.69,127851.92,135692.53,0.003,393,188811.36,39628.51,,141,0.00,46240.48,0.281333,0.718667
394,1e-06,0.1,,0.0,213.99,134072.71,130281.11,0.00,136620.09,2.0,0.00,189226.63,0.00,0.0,Месторождение,12.58,209.69,127851.92,135693.12,0.003,394,188811.16,39628.51,,141,0.00,46241.11,0.281329,0.718671
395,1e-05,0.1,,0.0,215.41,134094.72,130281.11,0.00,136642.52,2.0,0.00,189226.63,0.00,,Месторождение,12.56,210.80,127851.92,135706.25,0.003,395,188823.20,39628.51,,141,0.00,46252.57,0.281305,0.718695
396,1e-05,0.1,,0.0,215.44,134095.06,130281.11,0.00,136642.87,2.0,0.00,189226.63,0.00,0.0,Месторождение,12.56,210.83,127851.92,135706.40,0.003,396,188823.48,39628.51,,141,0.00,46252.83,0.281306,0.718694
397,0.0001,0.1,,0.0,216.17,134107.85,130281.11,0.00,136655.90,2.0,0.00,189226.63,0.00,,Месторождение,12.56,211.47,127851.92,135714.79,0.003,397,188829.67,39628.51,,141,0.00,46259.85,0.281285,0.718715
398,0.0001,0.1,,0.0,216.05,134107.21,130281.11,0.00,136655.25,2.0,0.00,189226.63,0.00,0.0,Месторождение,12.56,211.37,127851.92,135714.88,0.003,398,188828.66,39628.51,,141,0.00,46260.33,0.281280,0.718720
399,0.001,0.1,,0.0,216.17,134107.85,130281.11,0.00,136655.90,2.0,0.00,189226.63,0.00,,Месторождение,12.56,211.47,127851.92,135714.79,0.003,399,188829.67,39628.51,,141,0.00,46259.85,0.281285,0.718715
400,0.001,0.1,,0.0,216.05,134107.21,130281.11,0.00,136655.25,2.0,0.00,189226.63,0.00,0.0,Месторождение,12.56,211.37,127851.92,135714.88,0.003,400,188828.66,39628.51,,141,0.00,46260.33,0.281280,0.718720
401,1e-07,1e-05,-11451.35,0.0,213.43,134065.97,130281.11,0.00,136613.22,1.0,0.00,189226.63,0.00,,Месторождение,12.59,209.24,127851.92,135689.86,0.005,401,188806.44,39628.51,-1606.79,141,0.00,46238.52,0.281328,0.718672
402,1e-07,1e-05,-11721.29,0.0,213.43,134065.97,130281.11,0.00,136613.22,1.0,0.00,189226.63,0.00,0.0,Месторождение,12.59,209.24,127851.92,135689.86,0.005,402,188806.44,39628.51,-1678.25,141,0.00,46238.52,0.281328,0.718672
403,1e-06,1e-05,-11451.35,0.0,213.43,134065.97,130281.11,0.00,136613.22,1.0,0.00,189226.63,0.00,,Месторождение,12.59,209.24,127851.92,135689.86,0.005,403,188806.44,39628.51,-1606.79,141,0.00,46238.52,0.281328,0.718672
404,1e-06,1e-05,-11721.29,0.0,213.43,134065.97,130281.11,0.00,136613.22,1.0,0.00,189226.63,0.00,0.0,Месторождение,12.59,209.24,127851.92,135689.86,0.005,404,188806.44,39628.51,-1678.25,141,0.00,46238.52,0.281328,0.718672
405,1e-05,1e-05,-11451.35,0.0,213.43,134065.97,130281.11,0.00,136613.22,1.0,0.00,189226.63,0.00,,Месторождение,12.59,209.24,127851.92,135689.86,0.005,405,188806.44,39628.51,-1606.79,141,0.00,46238.52,0.281328,0.718672
406,1e-05,1e-05,-11721.29,0.0,213.43,134065.97,130281.11,0.00,136613.22,1.0,0.00,189226.63,0.00,0.0,Месторождение,12.59,209.24,127851.92,135689.86,0.005,406,188806.44,39628.51,-1678.25,141,0.00,46238.52,0.281328,0.718672
407,0.0001,1e-05,-11451.35,0.0,213.43,134065.97,130281.11,0.00,136613.22,1.0,0.00,189226.63,0.00,,Месторождение,12.59,209.24,127851.92,135689.86,0.005,407,188806.44,39628.51,-1606.79,141,0.00,46238.52,0.281328,0.718672
408,0.0001,1e-05,-11721.29,0.0,213.43,134065.97,130281.11,0.00,136613.22,1.0,0.00,189226.63,0.00,0.0,Месторождение,12.59,209.24,127851.92,135689.86,0.005,408,188806.44,39628.51,-1678.25,141,0.00,46238.52,0.281328,0.718672
409,0.001,1e-05,-11451.35,0.0,213.43,134065.97,130281.11,0.00,136613.22,1.0,0.00,189226.63,0.00,,Месторождение,12.59,209.24,127851.92,135689.86,0.005,409,188806.44,39628.51,-1606.79,141,0.00,46238.52,0.281328,0.718672
410,0.001,1e-05,-11721.29,0.0,213.43,134065.97,130281.11,0.00,136613.22,1.0,0.00,189226.63,0.00,0.0,Месторождение,12.59,209.24,127851.92,135689.86,0.005,410,188806.44,39628.51,-1678.25,141,0.00,46238.52,0.281328,0.718672
411,1e-07,1e-05,-11451.35,0.0,213.43,134065.97,130281.11,0.00,136613.22,2.0,0.00,189226.63,0.00,,Месторождение,12.59,209.24,127851.92,135689.86,0.005,411,188806.44,39628.51,-1606.79,141,0.00,46238.52,0.281328,0.718672
412,1e-07,1e-05,-11721.29,0.0,213.43,134065.97,130281.11,0.00,136613.22,2.0,0.00,189226.63,0.00,0.0,Месторождение,12.59,209.24,127851.92,135689.86,0.005,412,188806.44,39628.51,-1678.25,141,0.00,46238.52,0.281328,0.718672
413,1e-06,1e-05,-11451.35,0.0,213.43,134065.97,130281.11,0.00,136613.22,2.0,0.00,189226.63,0.00,,Месторождение,12.59,209.24,127851.92,135689.86,0.005,413,188806.44,39628.51,-1606.79,141,0.00,46238.52,0.281328,0.718672
414,1e-06,1e-05,-11721.29,0.0,213.43,134065.97,130281.11,0.00,136613.22,2.0,0.00,189226.63,0.00,0.0,Месторождение,12.59,209.24,127851.92,135689.86,0.005,414,188806.44,39628.51,-1678.25,141,0.00,46238.52,0.281328,0.718672
415,1e-05,1e-05,-11451.35,0.0,213.43,134065.97,130281.11,0.00,136613.22,2.0,0.00,189226.63,0.00,,Месторождение,12.59,209.24,127851.92,135689.86,0.005,415,188806.44,39628.51,-1606.79,141,0.00,46238.52,0.281328,0.718672
416,1e-05,1e-05,-11721.29,0.0,213.43,134065.97,130281.11,0.00,136613.22,2.0,0.00,189226.63,0.00,0.0,Месторождение,12.59,209.24,127851.92,135689.86,0.005,416,188806.44,39628.51,-1678.25,141,0.00,46238.52,0.281328,0.718672
417,0.0001,1e-05,-11451.35,0.0,213.43,134065.97,130281.11,0.00,136613.22,2.0,0.00,189226.63,0.00,,Месторождение,12.59,209.24,127851.92,135689.86,0.005,417,188806.44,39628.51,-1606.79,141,0.00,46238.52,0.281328,0.718672
418,0.0001,1e-05,-11721.29,0.0,213.43,134065.97,130281.11,0.00,136613.22,2.0,0.00,189226.63,0.00,0.0,Месторождение,12.59,209.24,127851.92,135689.86,0.005,418,188806.44,39628.51,-1678.25,141,0.00,46238.52,0.281328,0.718672
419,0.001,1e-05,-11451.35,0.0,213.43,134065.97,130281.11,0.00,136613.22,2.0,0.00,189226.63,0.00,,Месторождение,12.59,209.24,127851.92,135689.86,0.005,419,188806.44,39628.51,-1606.79,141,0.00,46238.52,0.281328,0.718672
420,0.001,1e-05,-11721.29,0.0,213.43,134065.97,130281.11,0.00,136613.22,2.0,0.00,189226.63,0.00,0.0,Месторождение,12.59,209.24,127851.92,135689.86,0.005,420,188806.44,39628.51,-1678.25,141,0.00,46238.52,0.281328,0.718672
421,1e-07,0.0001,-226493.71,0.0,213.43,134065.63,130281.11,0.00,136612.88,1.0,0.00,189226.63,0.00,,Месторождение,12.59,209.24,127851.92,135689.52,0.005,421,188806.43,39628.51,-1037.81,141,0.00,46238.19,0.281330,0.718670
422,1e-07,0.0001,-226493.71,0.0,213.43,134065.63,130281.11,0.00,136612.88,1.0,0.00,189226.63,0.00,0.0,Месторождение,12.59,209.24,127851.92,135689.52,0.005,422,188806.43,39628.51,-1037.81,141,0.00,46238.19,0.281330,0.718670
423,1e-06,0.0001,-264902.78,0.0,213.43,134065.66,130281.11,0.00,136612.91,1.0,0.00,189226.63,0.00,,Месторождение,12.59,209.24,127851.92,135689.54,0.005,423,188806.44,39628.51,-806.49,141,0.00,46238.21,0.281330,0.718670
424,1e-06,0.0001,-264902.78,0.0,213.43,134065.66,130281.11,0.00,136612.91,1.0,0.00,189226.63,0.00,0.0,Месторождение,12.59,209.24,127851.92,135689.54,0.005,424,188806.44,39628.51,-806.49,141,0.00,46238.21,0.281330,0.718670
425,1e-05,0.0001,-264902.78,0.0,213.43,134065.66,130281.11,0.00,136612.91,1.0,0.00,189226.63,0.00,,Месторождение,12.59,209.24,127851.92,135689.54,0.005,425,188806.44,39628.51,-806.49,141,0.00,46238.21,0.281330,0.718670
426,1e-05,0.0001,-264902.78,0.0,213.43,134065.66,130281.11,0.00,136612.91,1.0,0.00,189226.63,0.00,0.0,Месторождение,12.59,209.24,127851.92,135689.54,0.005,426,188806.44,39628.51,-806.49,141,0.00,46238.21,0.281330,0.718670
427,0.0001,0.0001,-264902.78,0.0,213.43,134065.66,130281.11,0.00,136612.91,1.0,0.00,189226.63,0.00,,Месторождение,12.59,209.24,127851.92,135689.54,0.005,427,188806.44,39628.51,-806.49,141,0.00,46238.21,0.281330,0.718670
428,0.0001,0.0001,-264902.78,0.0,213.43,134065.66,130281.11,0.00,136612.91,1.0,0.00,189226.63,0.00,0.0,Месторождение,12.59,209.24,127851.92,135689.54,0.005,428,188806.44,39628.51,-806.49,141,0.00,46238.21,0.281330,0.718670
429,0.001,0.0001,-264902.78,0.0,213.43,134065.66,130281.11,0.00,136612.91,1.0,0.00,189226.63,0.00,,Месторождение,12.59,209.24,127851.92,135689.54,0.005,429,188806.44,39628.51,-806.49,141,0.00,46238.21,0.281330,0.718670
